<annotation>
	<folder>images</folder>
	<filename>1002.jpg</filename>
	<path>C:\Users\tnk05\OneDrive\camera\images\images\1002.jpg</path>
	<source>
		<database>Unknown</database>
	</source>
	<size>
		<width>640</width>
		<height>480</height>
		<depth>3</depth>
	</size>
	<segmented>0</segmented>
	<object>
		<name>Yuzu</name>
		<pose>Unspecified</pose>
		<truncated>1</truncated>
		<difficult>0</difficult>
		<bndbox>
			<xmin>37</xmin>
			<ymin>400</ymin>
			<xmax>177</xmax>
			<ymax>480</ymax>
		</bndbox>
	</object>
	<object>
		<name>Ebi</name>
		<pose>Unspecified</pose>
		<truncated>0</truncated>
		<difficult>0</difficult>
		<bndbox>
			<xmin>295</xmin>
			<ymin>274</ymin>
			<xmax>449</xmax>
			<ymax>383</ymax>
		</bndbox>
	</object>
	<object>
		<name>Nori</name>
		<pose>Unspecified</pose>
		<truncated>1</truncated>
		<difficult>0</difficult>
		<bndbox>
			<xmin>1</xmin>
			<ymin>346</ymin>
			<xmax>61</xmax>
			<ymax>480</ymax>
		</bndbox>
	</object>
</annotation>
