<annotation>
	<folder>images</folder>
	<filename>1003.jpg</filename>
	<path>C:\Users\tnk05\OneDrive\camera\images\images\1003.jpg</path>
	<source>
		<database>Unknown</database>
	</source>
	<size>
		<width>640</width>
		<height>480</height>
		<depth>3</depth>
	</size>
	<segmented>0</segmented>
	<object>
		<name>Yuzu</name>
		<pose>Unspecified</pose>
		<truncated>0</truncated>
		<difficult>0</difficult>
		<bndbox>
			<xmin>146</xmin>
			<ymin>405</ymin>
			<xmax>227</xmax>
			<ymax>476</ymax>
		</bndbox>
	</object>
	<object>
		<name>Ebi</name>
		<pose>Unspecified</pose>
		<truncated>0</truncated>
		<difficult>0</difficult>
		<bndbox>
			<xmin>291</xmin>
			<ymin>354</ymin>
			<xmax>386</xmax>
			<ymax>428</ymax>
		</bndbox>
	</object>
	<object>
		<name>Nori</name>
		<pose>Unspecified</pose>
		<truncated>0</truncated>
		<difficult>0</difficult>
		<bndbox>
			<xmin>70</xmin>
			<ymin>355</ymin>
			<xmax>175</xmax>
			<ymax>440</ymax>
		</bndbox>
	</object>
</annotation>
