<annotation>
	<folder>images</folder>
	<filename>1004.jpg</filename>
	<path>C:\Users\tnk05\OneDrive\camera\images\images\1004.jpg</path>
	<source>
		<database>Unknown</database>
	</source>
	<size>
		<width>640</width>
		<height>480</height>
		<depth>3</depth>
	</size>
	<segmented>0</segmented>
	<object>
		<name>Yuzu</name>
		<pose>Unspecified</pose>
		<truncated>0</truncated>
		<difficult>0</difficult>
		<bndbox>
			<xmin>107</xmin>
			<ymin>386</ymin>
			<xmax>180</xmax>
			<ymax>456</ymax>
		</bndbox>
	</object>
	<object>
		<name>Ebi</name>
		<pose>Unspecified</pose>
		<truncated>0</truncated>
		<difficult>0</difficult>
		<bndbox>
			<xmin>243</xmin>
			<ymin>358</ymin>
			<xmax>324</xmax>
			<ymax>417</ymax>
		</bndbox>
	</object>
	<object>
		<name>Nori</name>
		<pose>Unspecified</pose>
		<truncated>0</truncated>
		<difficult>0</difficult>
		<bndbox>
			<xmin>52</xmin>
			<ymin>334</ymin>
			<xmax>142</xmax>
			<ymax>406</ymax>
		</bndbox>
	</object>
</annotation>
