<annotation>
	<folder>images</folder>
	<filename>1005.jpg</filename>
	<path>C:\Users\tnk05\OneDrive\camera\images\images\1005.jpg</path>
	<source>
		<database>Unknown</database>
	</source>
	<size>
		<width>640</width>
		<height>480</height>
		<depth>3</depth>
	</size>
	<segmented>0</segmented>
	<object>
		<name>Yuzu</name>
		<pose>Unspecified</pose>
		<truncated>0</truncated>
		<difficult>0</difficult>
		<bndbox>
			<xmin>252</xmin>
			<ymin>349</ymin>
			<xmax>342</xmax>
			<ymax>444</ymax>
		</bndbox>
	</object>
	<object>
		<name>Ebi</name>
		<pose>Unspecified</pose>
		<truncated>0</truncated>
		<difficult>0</difficult>
		<bndbox>
			<xmin>414</xmin>
			<ymin>272</ymin>
			<xmax>500</xmax>
			<ymax>348</ymax>
		</bndbox>
	</object>
	<object>
		<name>Nori</name>
		<pose>Unspecified</pose>
		<truncated>0</truncated>
		<difficult>0</difficult>
		<bndbox>
			<xmin>172</xmin>
			<ymin>297</ymin>
			<xmax>279</xmax>
			<ymax>392</ymax>
		</bndbox>
	</object>
</annotation>
