<annotation>
	<folder>images</folder>
	<filename>1006.jpg</filename>
	<path>C:\Users\tnk05\OneDrive\camera\images\images\1006.jpg</path>
	<source>
		<database>Unknown</database>
	</source>
	<size>
		<width>640</width>
		<height>480</height>
		<depth>3</depth>
	</size>
	<segmented>0</segmented>
	<object>
		<name>Yuzu</name>
		<pose>Unspecified</pose>
		<truncated>0</truncated>
		<difficult>0</difficult>
		<bndbox>
			<xmin>141</xmin>
			<ymin>364</ymin>
			<xmax>235</xmax>
			<ymax>457</ymax>
		</bndbox>
	</object>
	<object>
		<name>Ebi</name>
		<pose>Unspecified</pose>
		<truncated>0</truncated>
		<difficult>0</difficult>
		<bndbox>
			<xmin>287</xmin>
			<ymin>251</ymin>
			<xmax>393</xmax>
			<ymax>331</ymax>
		</bndbox>
	</object>
	<object>
		<name>Nori</name>
		<pose>Unspecified</pose>
		<truncated>0</truncated>
		<difficult>0</difficult>
		<bndbox>
			<xmin>58</xmin>
			<ymin>334</ymin>
			<xmax>161</xmax>
			<ymax>423</ymax>
		</bndbox>
	</object>
</annotation>
