<annotation>
	<folder>images</folder>
	<filename>1007.jpg</filename>
	<path>C:\Users\tnk05\OneDrive\camera\images\images\1007.jpg</path>
	<source>
		<database>Unknown</database>
	</source>
	<size>
		<width>640</width>
		<height>480</height>
		<depth>3</depth>
	</size>
	<segmented>0</segmented>
	<object>
		<name>Yuzu</name>
		<pose>Unspecified</pose>
		<truncated>0</truncated>
		<difficult>0</difficult>
		<bndbox>
			<xmin>79</xmin>
			<ymin>399</ymin>
			<xmax>154</xmax>
			<ymax>477</ymax>
		</bndbox>
	</object>
	<object>
		<name>Ebi</name>
		<pose>Unspecified</pose>
		<truncated>0</truncated>
		<difficult>0</difficult>
		<bndbox>
			<xmin>230</xmin>
			<ymin>355</ymin>
			<xmax>301</xmax>
			<ymax>422</ymax>
		</bndbox>
	</object>
	<object>
		<name>Nori</name>
		<pose>Unspecified</pose>
		<truncated>0</truncated>
		<difficult>0</difficult>
		<bndbox>
			<xmin>23</xmin>
			<ymin>354</ymin>
			<xmax>117</xmax>
			<ymax>425</ymax>
		</bndbox>
	</object>
</annotation>
