<annotation>
	<folder>images</folder>
	<filename>1008.jpg</filename>
	<path>C:\Users\tnk05\OneDrive\camera\images\images\1008.jpg</path>
	<source>
		<database>Unknown</database>
	</source>
	<size>
		<width>640</width>
		<height>480</height>
		<depth>3</depth>
	</size>
	<segmented>0</segmented>
	<object>
		<name>Yuzu</name>
		<pose>Unspecified</pose>
		<truncated>0</truncated>
		<difficult>0</difficult>
		<bndbox>
			<xmin>104</xmin>
			<ymin>318</ymin>
			<xmax>193</xmax>
			<ymax>430</ymax>
		</bndbox>
	</object>
	<object>
		<name>Ebi</name>
		<pose>Unspecified</pose>
		<truncated>0</truncated>
		<difficult>0</difficult>
		<bndbox>
			<xmin>140</xmin>
			<ymin>43</ymin>
			<xmax>223</xmax>
			<ymax>167</ymax>
		</bndbox>
	</object>
	<object>
		<name>Nori</name>
		<pose>Unspecified</pose>
		<truncated>0</truncated>
		<difficult>0</difficult>
		<bndbox>
			<xmin>277</xmin>
			<ymin>281</ymin>
			<xmax>423</xmax>
			<ymax>405</ymax>
		</bndbox>
	</object>
</annotation>
