<annotation>
	<folder>images</folder>
	<filename>1011.jpg</filename>
	<path>C:\Users\tnk05\OneDrive\camera\images\images\1011.jpg</path>
	<source>
		<database>Unknown</database>
	</source>
	<size>
		<width>640</width>
		<height>480</height>
		<depth>3</depth>
	</size>
	<segmented>0</segmented>
	<object>
		<name>Ebi</name>
		<pose>Unspecified</pose>
		<truncated>0</truncated>
		<difficult>0</difficult>
		<bndbox>
			<xmin>239</xmin>
			<ymin>97</ymin>
			<xmax>317</xmax>
			<ymax>176</ymax>
		</bndbox>
	</object>
	<object>
		<name>Nori</name>
		<pose>Unspecified</pose>
		<truncated>0</truncated>
		<difficult>0</difficult>
		<bndbox>
			<xmin>369</xmin>
			<ymin>246</ymin>
			<xmax>456</xmax>
			<ymax>321</ymax>
		</bndbox>
	</object>
	<object>
		<name>Yuzu</name>
		<pose>Unspecified</pose>
		<truncated>0</truncated>
		<difficult>0</difficult>
		<bndbox>
			<xmin>231</xmin>
			<ymin>285</ymin>
			<xmax>301</xmax>
			<ymax>357</ymax>
		</bndbox>
	</object>
</annotation>
