<annotation>
	<folder>images</folder>
	<filename>1012.jpg</filename>
	<path>C:\Users\tnk05\OneDrive\camera\images\images\1012.jpg</path>
	<source>
		<database>Unknown</database>
	</source>
	<size>
		<width>640</width>
		<height>480</height>
		<depth>3</depth>
	</size>
	<segmented>0</segmented>
	<object>
		<name>Ebi</name>
		<pose>Unspecified</pose>
		<truncated>0</truncated>
		<difficult>0</difficult>
		<bndbox>
			<xmin>313</xmin>
			<ymin>164</ymin>
			<xmax>381</xmax>
			<ymax>243</ymax>
		</bndbox>
	</object>
	<object>
		<name>Yuzu</name>
		<pose>Unspecified</pose>
		<truncated>0</truncated>
		<difficult>0</difficult>
		<bndbox>
			<xmin>247</xmin>
			<ymin>317</ymin>
			<xmax>309</xmax>
			<ymax>384</ymax>
		</bndbox>
	</object>
	<object>
		<name>Nori</name>
		<pose>Unspecified</pose>
		<truncated>0</truncated>
		<difficult>0</difficult>
		<bndbox>
			<xmin>368</xmin>
			<ymin>331</ymin>
			<xmax>446</xmax>
			<ymax>405</ymax>
		</bndbox>
	</object>
</annotation>
