<annotation>
	<folder>images</folder>
	<filename>1013.jpg</filename>
	<path>C:\Users\tnk05\OneDrive\camera\images\images\1013.jpg</path>
	<source>
		<database>Unknown</database>
	</source>
	<size>
		<width>640</width>
		<height>480</height>
		<depth>3</depth>
	</size>
	<segmented>0</segmented>
	<object>
		<name>Yuzu</name>
		<pose>Unspecified</pose>
		<truncated>0</truncated>
		<difficult>0</difficult>
		<bndbox>
			<xmin>218</xmin>
			<ymin>198</ymin>
			<xmax>322</xmax>
			<ymax>323</ymax>
		</bndbox>
	</object>
	<object>
		<name>Nori</name>
		<pose>Unspecified</pose>
		<truncated>1</truncated>
		<difficult>0</difficult>
		<bndbox>
			<xmin>1</xmin>
			<ymin>4</ymin>
			<xmax>59</xmax>
			<ymax>125</ymax>
		</bndbox>
	</object>
</annotation>
