<annotation>
	<folder>images</folder>
	<filename>1014.jpg</filename>
	<path>C:\Users\tnk05\OneDrive\camera\images\images\1014.jpg</path>
	<source>
		<database>Unknown</database>
	</source>
	<size>
		<width>640</width>
		<height>480</height>
		<depth>3</depth>
	</size>
	<segmented>0</segmented>
	<object>
		<name>Yuzu</name>
		<pose>Unspecified</pose>
		<truncated>1</truncated>
		<difficult>0</difficult>
		<bndbox>
			<xmin>320</xmin>
			<ymin>1</ymin>
			<xmax>538</xmax>
			<ymax>120</ymax>
		</bndbox>
	</object>
	<object>
		<name>Ebi</name>
		<pose>Unspecified</pose>
		<truncated>1</truncated>
		<difficult>0</difficult>
		<bndbox>
			<xmin>431</xmin>
			<ymin>407</ymin>
			<xmax>625</xmax>
			<ymax>480</ymax>
		</bndbox>
	</object>
	<object>
		<name>Nori</name>
		<pose>Unspecified</pose>
		<truncated>1</truncated>
		<difficult>0</difficult>
		<bndbox>
			<xmin>1</xmin>
			<ymin>127</ymin>
			<xmax>191</xmax>
			<ymax>332</ymax>
		</bndbox>
	</object>
</annotation>
