<annotation>
	<folder>images</folder>
	<filename>1016.jpg</filename>
	<path>C:\Users\tnk05\OneDrive\camera\images\images\1016.jpg</path>
	<source>
		<database>Unknown</database>
	</source>
	<size>
		<width>640</width>
		<height>480</height>
		<depth>3</depth>
	</size>
	<segmented>0</segmented>
	<object>
		<name>Ebi</name>
		<pose>Unspecified</pose>
		<truncated>1</truncated>
		<difficult>0</difficult>
		<bndbox>
			<xmin>475</xmin>
			<ymin>194</ymin>
			<xmax>640</xmax>
			<ymax>391</ymax>
		</bndbox>
	</object>
	<object>
		<name>Nori</name>
		<pose>Unspecified</pose>
		<truncated>1</truncated>
		<difficult>0</difficult>
		<bndbox>
			<xmin>1</xmin>
			<ymin>147</ymin>
			<xmax>207</xmax>
			<ymax>365</ymax>
		</bndbox>
	</object>
</annotation>
