<annotation>
	<folder>images</folder>
	<filename>1018.jpg</filename>
	<path>C:\Users\tnk05\OneDrive\camera\images\images\1018.jpg</path>
	<source>
		<database>Unknown</database>
	</source>
	<size>
		<width>640</width>
		<height>480</height>
		<depth>3</depth>
	</size>
	<segmented>0</segmented>
	<object>
		<name>Ebi</name>
		<pose>Unspecified</pose>
		<truncated>0</truncated>
		<difficult>0</difficult>
		<bndbox>
			<xmin>341</xmin>
			<ymin>133</ymin>
			<xmax>522</xmax>
			<ymax>345</ymax>
		</bndbox>
	</object>
	<object>
		<name>Nori</name>
		<pose>Unspecified</pose>
		<truncated>0</truncated>
		<difficult>0</difficult>
		<bndbox>
			<xmin>70</xmin>
			<ymin>66</ymin>
			<xmax>296</xmax>
			<ymax>255</ymax>
		</bndbox>
	</object>
</annotation>
