<annotation>
	<folder>images</folder>
	<filename>1019.jpg</filename>
	<path>C:\Users\tnk05\OneDrive\camera\images\images\1019.jpg</path>
	<source>
		<database>Unknown</database>
	</source>
	<size>
		<width>640</width>
		<height>480</height>
		<depth>3</depth>
	</size>
	<segmented>0</segmented>
	<object>
		<name>Yuzu</name>
		<pose>Unspecified</pose>
		<truncated>0</truncated>
		<difficult>0</difficult>
		<bndbox>
			<xmin>283</xmin>
			<ymin>153</ymin>
			<xmax>498</xmax>
			<ymax>374</ymax>
		</bndbox>
	</object>
	<object>
		<name>Nori</name>
		<pose>Unspecified</pose>
		<truncated>1</truncated>
		<difficult>0</difficult>
		<bndbox>
			<xmin>1</xmin>
			<ymin>225</ymin>
			<xmax>247</xmax>
			<ymax>447</ymax>
		</bndbox>
	</object>
</annotation>
