<annotation>
	<folder>images</folder>
	<filename>1021.jpg</filename>
	<path>C:\Users\tnk05\OneDrive\camera\images\images\1021.jpg</path>
	<source>
		<database>Unknown</database>
	</source>
	<size>
		<width>640</width>
		<height>480</height>
		<depth>3</depth>
	</size>
	<segmented>0</segmented>
	<object>
		<name>Yuzu</name>
		<pose>Unspecified</pose>
		<truncated>0</truncated>
		<difficult>0</difficult>
		<bndbox>
			<xmin>183</xmin>
			<ymin>138</ymin>
			<xmax>361</xmax>
			<ymax>321</ymax>
		</bndbox>
	</object>
	<object>
		<name>Ebi</name>
		<pose>Unspecified</pose>
		<truncated>0</truncated>
		<difficult>0</difficult>
		<bndbox>
			<xmin>378</xmin>
			<ymin>258</ymin>
			<xmax>544</xmax>
			<ymax>442</ymax>
		</bndbox>
	</object>
	<object>
		<name>Nori</name>
		<pose>Unspecified</pose>
		<truncated>0</truncated>
		<difficult>0</difficult>
		<bndbox>
			<xmin>6</xmin>
			<ymin>260</ymin>
			<xmax>193</xmax>
			<ymax>433</ymax>
		</bndbox>
	</object>
</annotation>
