<annotation>
	<folder>images</folder>
	<filename>1022.jpg</filename>
	<path>C:\Users\tnk05\OneDrive\camera\images\images\1022.jpg</path>
	<source>
		<database>Unknown</database>
	</source>
	<size>
		<width>640</width>
		<height>480</height>
		<depth>3</depth>
	</size>
	<segmented>0</segmented>
	<object>
		<name>Yuzu</name>
		<pose>Unspecified</pose>
		<truncated>0</truncated>
		<difficult>0</difficult>
		<bndbox>
			<xmin>269</xmin>
			<ymin>128</ymin>
			<xmax>381</xmax>
			<ymax>238</ymax>
		</bndbox>
	</object>
	<object>
		<name>Ebi</name>
		<pose>Unspecified</pose>
		<truncated>0</truncated>
		<difficult>0</difficult>
		<bndbox>
			<xmin>392</xmin>
			<ymin>213</ymin>
			<xmax>509</xmax>
			<ymax>336</ymax>
		</bndbox>
	</object>
	<object>
		<name>Nori</name>
		<pose>Unspecified</pose>
		<truncated>0</truncated>
		<difficult>0</difficult>
		<bndbox>
			<xmin>144</xmin>
			<ymin>200</ymin>
			<xmax>277</xmax>
			<ymax>328</ymax>
		</bndbox>
	</object>
</annotation>
