<annotation>
	<folder>images</folder>
	<filename>1024.jpg</filename>
	<path>C:\Users\tnk05\OneDrive\camera\images\images\1024.jpg</path>
	<source>
		<database>Unknown</database>
	</source>
	<size>
		<width>640</width>
		<height>480</height>
		<depth>3</depth>
	</size>
	<segmented>0</segmented>
	<object>
		<name>Yuzu</name>
		<pose>Unspecified</pose>
		<truncated>0</truncated>
		<difficult>0</difficult>
		<bndbox>
			<xmin>62</xmin>
			<ymin>156</ymin>
			<xmax>278</xmax>
			<ymax>374</ymax>
		</bndbox>
	</object>
	<object>
		<name>Ebi</name>
		<pose>Unspecified</pose>
		<truncated>0</truncated>
		<difficult>0</difficult>
		<bndbox>
			<xmin>331</xmin>
			<ymin>264</ymin>
			<xmax>541</xmax>
			<ymax>445</ymax>
		</bndbox>
	</object>
	<object>
		<name>Nori</name>
		<pose>Unspecified</pose>
		<truncated>1</truncated>
		<difficult>0</difficult>
		<bndbox>
			<xmin>1</xmin>
			<ymin>360</ymin>
			<xmax>119</xmax>
			<ymax>480</ymax>
		</bndbox>
	</object>
</annotation>
