<annotation>
	<folder>images</folder>
	<filename>1026.jpg</filename>
	<path>C:\Users\tnk05\OneDrive\camera\images\images\1026.jpg</path>
	<source>
		<database>Unknown</database>
	</source>
	<size>
		<width>640</width>
		<height>480</height>
		<depth>3</depth>
	</size>
	<segmented>0</segmented>
	<object>
		<name>Yuzu</name>
		<pose>Unspecified</pose>
		<truncated>0</truncated>
		<difficult>0</difficult>
		<bndbox>
			<xmin>137</xmin>
			<ymin>335</ymin>
			<xmax>299</xmax>
			<ymax>457</ymax>
		</bndbox>
	</object>
	<object>
		<name>Ebi</name>
		<pose>Unspecified</pose>
		<truncated>0</truncated>
		<difficult>0</difficult>
		<bndbox>
			<xmin>298</xmin>
			<ymin>312</ymin>
			<xmax>419</xmax>
			<ymax>456</ymax>
		</bndbox>
	</object>
	<object>
		<name>Nori</name>
		<pose>Unspecified</pose>
		<truncated>1</truncated>
		<difficult>0</difficult>
		<bndbox>
			<xmin>1</xmin>
			<ymin>257</ymin>
			<xmax>154</xmax>
			<ymax>425</ymax>
		</bndbox>
	</object>
</annotation>
