<annotation>
	<folder>images</folder>
	<filename>1027.jpg</filename>
	<path>C:\Users\tnk05\OneDrive\camera\images\images\1027.jpg</path>
	<source>
		<database>Unknown</database>
	</source>
	<size>
		<width>640</width>
		<height>480</height>
		<depth>3</depth>
	</size>
	<segmented>0</segmented>
	<object>
		<name>Yuzu</name>
		<pose>Unspecified</pose>
		<truncated>0</truncated>
		<difficult>0</difficult>
		<bndbox>
			<xmin>128</xmin>
			<ymin>223</ymin>
			<xmax>296</xmax>
			<ymax>364</ymax>
		</bndbox>
	</object>
	<object>
		<name>Ebi</name>
		<pose>Unspecified</pose>
		<truncated>0</truncated>
		<difficult>0</difficult>
		<bndbox>
			<xmin>311</xmin>
			<ymin>196</ymin>
			<xmax>488</xmax>
			<ymax>361</ymax>
		</bndbox>
	</object>
	<object>
		<name>Nori</name>
		<pose>Unspecified</pose>
		<truncated>1</truncated>
		<difficult>0</difficult>
		<bndbox>
			<xmin>1</xmin>
			<ymin>144</ymin>
			<xmax>130</xmax>
			<ymax>337</ymax>
		</bndbox>
	</object>
</annotation>
