<annotation>
	<folder>images</folder>
	<filename>1028.jpg</filename>
	<path>C:\Users\tnk05\OneDrive\camera\images\images\1028.jpg</path>
	<source>
		<database>Unknown</database>
	</source>
	<size>
		<width>640</width>
		<height>480</height>
		<depth>3</depth>
	</size>
	<segmented>0</segmented>
	<object>
		<name>Yuzu</name>
		<pose>Unspecified</pose>
		<truncated>0</truncated>
		<difficult>0</difficult>
		<bndbox>
			<xmin>228</xmin>
			<ymin>248</ymin>
			<xmax>325</xmax>
			<ymax>329</ymax>
		</bndbox>
	</object>
	<object>
		<name>Ebi</name>
		<pose>Unspecified</pose>
		<truncated>0</truncated>
		<difficult>0</difficult>
		<bndbox>
			<xmin>332</xmin>
			<ymin>236</ymin>
			<xmax>433</xmax>
			<ymax>334</ymax>
		</bndbox>
	</object>
	<object>
		<name>Nori</name>
		<pose>Unspecified</pose>
		<truncated>0</truncated>
		<difficult>0</difficult>
		<bndbox>
			<xmin>118</xmin>
			<ymin>212</ymin>
			<xmax>221</xmax>
			<ymax>316</ymax>
		</bndbox>
	</object>
</annotation>
