<annotation>
	<folder>images</folder>
	<filename>1029.jpg</filename>
	<path>C:\Users\tnk05\OneDrive\camera\images\images\1029.jpg</path>
	<source>
		<database>Unknown</database>
	</source>
	<size>
		<width>640</width>
		<height>480</height>
		<depth>3</depth>
	</size>
	<segmented>0</segmented>
	<object>
		<name>Yuzu</name>
		<pose>Unspecified</pose>
		<truncated>0</truncated>
		<difficult>0</difficult>
		<bndbox>
			<xmin>192</xmin>
			<ymin>175</ymin>
			<xmax>276</xmax>
			<ymax>250</ymax>
		</bndbox>
	</object>
	<object>
		<name>Ebi</name>
		<pose>Unspecified</pose>
		<truncated>0</truncated>
		<difficult>0</difficult>
		<bndbox>
			<xmin>284</xmin>
			<ymin>161</ymin>
			<xmax>372</xmax>
			<ymax>249</ymax>
		</bndbox>
	</object>
	<object>
		<name>Nori</name>
		<pose>Unspecified</pose>
		<truncated>0</truncated>
		<difficult>0</difficult>
		<bndbox>
			<xmin>88</xmin>
			<ymin>135</ymin>
			<xmax>191</xmax>
			<ymax>232</ymax>
		</bndbox>
	</object>
</annotation>
