<annotation>
	<folder>images</folder>
	<filename>1031.jpg</filename>
	<path>C:\Users\tnk05\OneDrive\camera\images\images\1031.jpg</path>
	<source>
		<database>Unknown</database>
	</source>
	<size>
		<width>640</width>
		<height>480</height>
		<depth>3</depth>
	</size>
	<segmented>0</segmented>
	<object>
		<name>Yuzu</name>
		<pose>Unspecified</pose>
		<truncated>0</truncated>
		<difficult>0</difficult>
		<bndbox>
			<xmin>406</xmin>
			<ymin>331</ymin>
			<xmax>506</xmax>
			<ymax>428</ymax>
		</bndbox>
	</object>
	<object>
		<name>Nori</name>
		<pose>Unspecified</pose>
		<truncated>0</truncated>
		<difficult>0</difficult>
		<bndbox>
			<xmin>418</xmin>
			<ymin>206</ymin>
			<xmax>557</xmax>
			<ymax>318</ymax>
		</bndbox>
	</object>
</annotation>
