<annotation>
	<folder>images</folder>
	<filename>1034.jpg</filename>
	<path>C:\Users\tnk05\OneDrive\camera\images\images\1034.jpg</path>
	<source>
		<database>Unknown</database>
	</source>
	<size>
		<width>640</width>
		<height>480</height>
		<depth>3</depth>
	</size>
	<segmented>0</segmented>
	<object>
		<name>Yuzu</name>
		<pose>Unspecified</pose>
		<truncated>0</truncated>
		<difficult>0</difficult>
		<bndbox>
			<xmin>100</xmin>
			<ymin>194</ymin>
			<xmax>349</xmax>
			<ymax>438</ymax>
		</bndbox>
	</object>
	<object>
		<name>Ebi</name>
		<pose>Unspecified</pose>
		<truncated>0</truncated>
		<difficult>0</difficult>
		<bndbox>
			<xmin>350</xmin>
			<ymin>85</ymin>
			<xmax>623</xmax>
			<ymax>316</ymax>
		</bndbox>
	</object>
	<object>
		<name>Nori</name>
		<pose>Unspecified</pose>
		<truncated>1</truncated>
		<difficult>0</difficult>
		<bndbox>
			<xmin>1</xmin>
			<ymin>226</ymin>
			<xmax>91</xmax>
			<ymax>441</ymax>
		</bndbox>
	</object>
</annotation>
