<annotation>
	<folder>images</folder>
	<filename>1037.jpg</filename>
	<path>C:\Users\tnk05\OneDrive\camera\images\images\1037.jpg</path>
	<source>
		<database>Unknown</database>
	</source>
	<size>
		<width>640</width>
		<height>480</height>
		<depth>3</depth>
	</size>
	<segmented>0</segmented>
	<object>
		<name>Yuzu</name>
		<pose>Unspecified</pose>
		<truncated>0</truncated>
		<difficult>0</difficult>
		<bndbox>
			<xmin>158</xmin>
			<ymin>218</ymin>
			<xmax>373</xmax>
			<ymax>387</ymax>
		</bndbox>
	</object>
	<object>
		<name>Nori</name>
		<pose>Unspecified</pose>
		<truncated>1</truncated>
		<difficult>0</difficult>
		<bndbox>
			<xmin>1</xmin>
			<ymin>360</ymin>
			<xmax>261</xmax>
			<ymax>480</ymax>
		</bndbox>
	</object>
</annotation>
