<annotation>
	<folder>images</folder>
	<filename>1038.jpg</filename>
	<path>C:\Users\tnk05\OneDrive\camera\images\images\1038.jpg</path>
	<source>
		<database>Unknown</database>
	</source>
	<size>
		<width>640</width>
		<height>480</height>
		<depth>3</depth>
	</size>
	<segmented>0</segmented>
	<object>
		<name>Yuzu</name>
		<pose>Unspecified</pose>
		<truncated>1</truncated>
		<difficult>0</difficult>
		<bndbox>
			<xmin>1</xmin>
			<ymin>68</ymin>
			<xmax>247</xmax>
			<ymax>275</ymax>
		</bndbox>
	</object>
	<object>
		<name>Ebi</name>
		<pose>Unspecified</pose>
		<truncated>1</truncated>
		<difficult>0</difficult>
		<bndbox>
			<xmin>225</xmin>
			<ymin>267</ymin>
			<xmax>454</xmax>
			<ymax>480</ymax>
		</bndbox>
	</object>
</annotation>
