<annotation>
	<folder>images</folder>
	<filename>1039.jpg</filename>
	<path>C:\Users\tnk05\OneDrive\camera\images\images\1039.jpg</path>
	<source>
		<database>Unknown</database>
	</source>
	<size>
		<width>640</width>
		<height>480</height>
		<depth>3</depth>
	</size>
	<segmented>0</segmented>
	<object>
		<name>Yuzu</name>
		<pose>Unspecified</pose>
		<truncated>1</truncated>
		<difficult>0</difficult>
		<bndbox>
			<xmin>240</xmin>
			<ymin>1</ymin>
			<xmax>478</xmax>
			<ymax>164</ymax>
		</bndbox>
	</object>
	<object>
		<name>Nori</name>
		<pose>Unspecified</pose>
		<truncated>1</truncated>
		<difficult>0</difficult>
		<bndbox>
			<xmin>1</xmin>
			<ymin>158</ymin>
			<xmax>246</xmax>
			<ymax>407</ymax>
		</bndbox>
	</object>
</annotation>
