<annotation>
	<folder>images</folder>
	<filename>1040.jpg</filename>
	<path>C:\Users\tnk05\OneDrive\camera\images\images\1040.jpg</path>
	<source>
		<database>Unknown</database>
	</source>
	<size>
		<width>640</width>
		<height>480</height>
		<depth>3</depth>
	</size>
	<segmented>0</segmented>
	<object>
		<name>Yuzu</name>
		<pose>Unspecified</pose>
		<truncated>1</truncated>
		<difficult>0</difficult>
		<bndbox>
			<xmin>442</xmin>
			<ymin>79</ymin>
			<xmax>640</xmax>
			<ymax>363</ymax>
		</bndbox>
	</object>
	<object>
		<name>Nori</name>
		<pose>Unspecified</pose>
		<truncated>0</truncated>
		<difficult>0</difficult>
		<bndbox>
			<xmin>108</xmin>
			<ymin>114</ymin>
			<xmax>388</xmax>
			<ymax>351</ymax>
		</bndbox>
	</object>
</annotation>
