<annotation>
	<folder>images</folder>
	<filename>1041.jpg</filename>
	<path>C:\Users\tnk05\OneDrive\camera\images\images\1041.jpg</path>
	<source>
		<database>Unknown</database>
	</source>
	<size>
		<width>640</width>
		<height>480</height>
		<depth>3</depth>
	</size>
	<segmented>0</segmented>
	<object>
		<name>Yuzu</name>
		<pose>Unspecified</pose>
		<truncated>0</truncated>
		<difficult>0</difficult>
		<bndbox>
			<xmin>428</xmin>
			<ymin>135</ymin>
			<xmax>582</xmax>
			<ymax>277</ymax>
		</bndbox>
	</object>
	<object>
		<name>Nori</name>
		<pose>Unspecified</pose>
		<truncated>0</truncated>
		<difficult>0</difficult>
		<bndbox>
			<xmin>230</xmin>
			<ymin>132</ymin>
			<xmax>411</xmax>
			<ymax>265</ymax>
		</bndbox>
	</object>
</annotation>
