<annotation>
	<folder>images</folder>
	<filename>1042.jpg</filename>
	<path>C:\Users\tnk05\OneDrive\camera\images\images\1042.jpg</path>
	<source>
		<database>Unknown</database>
	</source>
	<size>
		<width>640</width>
		<height>480</height>
		<depth>3</depth>
	</size>
	<segmented>0</segmented>
	<object>
		<name>Yuzu</name>
		<pose>Unspecified</pose>
		<truncated>0</truncated>
		<difficult>0</difficult>
		<bndbox>
			<xmin>56</xmin>
			<ymin>83</ymin>
			<xmax>231</xmax>
			<ymax>222</ymax>
		</bndbox>
	</object>
	<object>
		<name>Nori</name>
		<pose>Unspecified</pose>
		<truncated>0</truncated>
		<difficult>0</difficult>
		<bndbox>
			<xmin>39</xmin>
			<ymin>245</ymin>
			<xmax>208</xmax>
			<ymax>426</ymax>
		</bndbox>
	</object>
</annotation>
