<annotation>
	<folder>images</folder>
	<filename>1043.jpg</filename>
	<path>C:\Users\tnk05\OneDrive\camera\images\images\1043.jpg</path>
	<source>
		<database>Unknown</database>
	</source>
	<size>
		<width>640</width>
		<height>480</height>
		<depth>3</depth>
	</size>
	<segmented>0</segmented>
	<object>
		<name>Yuzu</name>
		<pose>Unspecified</pose>
		<truncated>0</truncated>
		<difficult>0</difficult>
		<bndbox>
			<xmin>122</xmin>
			<ymin>228</ymin>
			<xmax>223</xmax>
			<ymax>322</ymax>
		</bndbox>
	</object>
	<object>
		<name>Nori</name>
		<pose>Unspecified</pose>
		<truncated>0</truncated>
		<difficult>0</difficult>
		<bndbox>
			<xmin>151</xmin>
			<ymin>342</ymin>
			<xmax>252</xmax>
			<ymax>460</ymax>
		</bndbox>
	</object>
</annotation>
