<annotation>
	<folder>images</folder>
	<filename>1044.jpg</filename>
	<path>C:\Users\tnk05\OneDrive\camera\images\images\1044.jpg</path>
	<source>
		<database>Unknown</database>
	</source>
	<size>
		<width>640</width>
		<height>480</height>
		<depth>3</depth>
	</size>
	<segmented>0</segmented>
	<object>
		<name>Yuzu</name>
		<pose>Unspecified</pose>
		<truncated>0</truncated>
		<difficult>0</difficult>
		<bndbox>
			<xmin>235</xmin>
			<ymin>287</ymin>
			<xmax>419</xmax>
			<ymax>437</ymax>
		</bndbox>
	</object>
</annotation>
