<annotation>
	<folder>images</folder>
	<filename>1045.jpg</filename>
	<path>C:\Users\tnk05\OneDrive\camera\images\images\1045.jpg</path>
	<source>
		<database>Unknown</database>
	</source>
	<size>
		<width>640</width>
		<height>480</height>
		<depth>3</depth>
	</size>
	<segmented>0</segmented>
	<object>
		<name>Yuzu</name>
		<pose>Unspecified</pose>
		<truncated>0</truncated>
		<difficult>0</difficult>
		<bndbox>
			<xmin>185</xmin>
			<ymin>167</ymin>
			<xmax>386</xmax>
			<ymax>333</ymax>
		</bndbox>
	</object>
	<object>
		<name>Nori</name>
		<pose>Unspecified</pose>
		<truncated>1</truncated>
		<difficult>0</difficult>
		<bndbox>
			<xmin>135</xmin>
			<ymin>357</ymin>
			<xmax>347</xmax>
			<ymax>480</ymax>
		</bndbox>
	</object>
</annotation>
