<annotation>
	<folder>images</folder>
	<filename>1046.jpg</filename>
	<path>C:\Users\tnk05\OneDrive\camera\images\images\1046.jpg</path>
	<source>
		<database>Unknown</database>
	</source>
	<size>
		<width>640</width>
		<height>480</height>
		<depth>3</depth>
	</size>
	<segmented>0</segmented>
	<object>
		<name>Yuzu</name>
		<pose>Unspecified</pose>
		<truncated>1</truncated>
		<difficult>0</difficult>
		<bndbox>
			<xmin>1</xmin>
			<ymin>197</ymin>
			<xmax>84</xmax>
			<ymax>372</ymax>
		</bndbox>
	</object>
	<object>
		<name>Nori</name>
		<pose>Unspecified</pose>
		<truncated>1</truncated>
		<difficult>0</difficult>
		<bndbox>
			<xmin>86</xmin>
			<ymin>241</ymin>
			<xmax>324</xmax>
			<ymax>480</ymax>
		</bndbox>
	</object>
</annotation>
