<annotation>
	<folder>images</folder>
	<filename>1047.jpg</filename>
	<path>C:\Users\tnk05\OneDrive\camera\images\images\1047.jpg</path>
	<source>
		<database>Unknown</database>
	</source>
	<size>
		<width>640</width>
		<height>480</height>
		<depth>3</depth>
	</size>
	<segmented>0</segmented>
	<object>
		<name>Yuzu</name>
		<pose>Unspecified</pose>
		<truncated>0</truncated>
		<difficult>0</difficult>
		<bndbox>
			<xmin>21</xmin>
			<ymin>120</ymin>
			<xmax>143</xmax>
			<ymax>252</ymax>
		</bndbox>
	</object>
	<object>
		<name>Nori</name>
		<pose>Unspecified</pose>
		<truncated>0</truncated>
		<difficult>0</difficult>
		<bndbox>
			<xmin>144</xmin>
			<ymin>162</ymin>
			<xmax>260</xmax>
			<ymax>281</ymax>
		</bndbox>
	</object>
</annotation>
