<annotation>
	<folder>images</folder>
	<filename>1050.jpg</filename>
	<path>C:\Users\tnk05\OneDrive\camera\images\images\1050.jpg</path>
	<source>
		<database>Unknown</database>
	</source>
	<size>
		<width>640</width>
		<height>480</height>
		<depth>3</depth>
	</size>
	<segmented>0</segmented>
	<object>
		<name>Yuzu</name>
		<pose>Unspecified</pose>
		<truncated>0</truncated>
		<difficult>0</difficult>
		<bndbox>
			<xmin>47</xmin>
			<ymin>265</ymin>
			<xmax>171</xmax>
			<ymax>405</ymax>
		</bndbox>
	</object>
	<object>
		<name>Nori</name>
		<pose>Unspecified</pose>
		<truncated>0</truncated>
		<difficult>0</difficult>
		<bndbox>
			<xmin>176</xmin>
			<ymin>282</ymin>
			<xmax>288</xmax>
			<ymax>417</ymax>
		</bndbox>
	</object>
</annotation>
