<annotation>
	<folder>images</folder>
	<filename>1051.jpg</filename>
	<path>C:\Users\tnk05\OneDrive\camera\images\images\1051.jpg</path>
	<source>
		<database>Unknown</database>
	</source>
	<size>
		<width>640</width>
		<height>480</height>
		<depth>3</depth>
	</size>
	<segmented>0</segmented>
	<object>
		<name>Yuzu</name>
		<pose>Unspecified</pose>
		<truncated>0</truncated>
		<difficult>0</difficult>
		<bndbox>
			<xmin>174</xmin>
			<ymin>111</ymin>
			<xmax>375</xmax>
			<ymax>315</ymax>
		</bndbox>
	</object>
	<object>
		<name>Nori</name>
		<pose>Unspecified</pose>
		<truncated>0</truncated>
		<difficult>0</difficult>
		<bndbox>
			<xmin>358</xmin>
			<ymin>182</ymin>
			<xmax>561</xmax>
			<ymax>387</ymax>
		</bndbox>
	</object>
</annotation>
