<annotation>
	<folder>images</folder>
	<filename>1052.jpg</filename>
	<path>C:\Users\tnk05\OneDrive\camera\images\images\1052.jpg</path>
	<source>
		<database>Unknown</database>
	</source>
	<size>
		<width>640</width>
		<height>480</height>
		<depth>3</depth>
	</size>
	<segmented>0</segmented>
	<object>
		<name>Yuzu</name>
		<pose>Unspecified</pose>
		<truncated>1</truncated>
		<difficult>0</difficult>
		<bndbox>
			<xmin>1</xmin>
			<ymin>1</ymin>
			<xmax>211</xmax>
			<ymax>199</ymax>
		</bndbox>
	</object>
	<object>
		<name>Nori</name>
		<pose>Unspecified</pose>
		<truncated>0</truncated>
		<difficult>0</difficult>
		<bndbox>
			<xmin>155</xmin>
			<ymin>117</ymin>
			<xmax>457</xmax>
			<ymax>426</ymax>
		</bndbox>
	</object>
</annotation>
