<annotation>
	<folder>images</folder>
	<filename>1053.jpg</filename>
	<path>C:\Users\tnk05\OneDrive\camera\images\images\1053.jpg</path>
	<source>
		<database>Unknown</database>
	</source>
	<size>
		<width>640</width>
		<height>480</height>
		<depth>3</depth>
	</size>
	<segmented>0</segmented>
	<object>
		<name>Yuzu</name>
		<pose>Unspecified</pose>
		<truncated>0</truncated>
		<difficult>0</difficult>
		<bndbox>
			<xmin>110</xmin>
			<ymin>64</ymin>
			<xmax>372</xmax>
			<ymax>320</ymax>
		</bndbox>
	</object>
	<object>
		<name>Nori</name>
		<pose>Unspecified</pose>
		<truncated>1</truncated>
		<difficult>0</difficult>
		<bndbox>
			<xmin>140</xmin>
			<ymin>328</ymin>
			<xmax>479</xmax>
			<ymax>480</ymax>
		</bndbox>
	</object>
</annotation>
