<annotation>
	<folder>images</folder>
	<filename>1054.jpg</filename>
	<path>C:\Users\tnk05\OneDrive\camera\images\images\1054.jpg</path>
	<source>
		<database>Unknown</database>
	</source>
	<size>
		<width>640</width>
		<height>480</height>
		<depth>3</depth>
	</size>
	<segmented>0</segmented>
	<object>
		<name>Yuzu</name>
		<pose>Unspecified</pose>
		<truncated>0</truncated>
		<difficult>0</difficult>
		<bndbox>
			<xmin>21</xmin>
			<ymin>6</ymin>
			<xmax>240</xmax>
			<ymax>204</ymax>
		</bndbox>
	</object>
	<object>
		<name>Nori</name>
		<pose>Unspecified</pose>
		<truncated>0</truncated>
		<difficult>0</difficult>
		<bndbox>
			<xmin>101</xmin>
			<ymin>243</ymin>
			<xmax>300</xmax>
			<ymax>420</ymax>
		</bndbox>
	</object>
</annotation>
