<annotation>
	<folder>images</folder>
	<filename>1057.jpg</filename>
	<path>C:\Users\tnk05\OneDrive\camera\images\images\1057.jpg</path>
	<source>
		<database>Unknown</database>
	</source>
	<size>
		<width>640</width>
		<height>480</height>
		<depth>3</depth>
	</size>
	<segmented>0</segmented>
	<object>
		<name>Yuzu</name>
		<pose>Unspecified</pose>
		<truncated>0</truncated>
		<difficult>0</difficult>
		<bndbox>
			<xmin>70</xmin>
			<ymin>89</ymin>
			<xmax>342</xmax>
			<ymax>359</ymax>
		</bndbox>
	</object>
	<object>
		<name>Nori</name>
		<pose>Unspecified</pose>
		<truncated>1</truncated>
		<difficult>0</difficult>
		<bndbox>
			<xmin>360</xmin>
			<ymin>205</ymin>
			<xmax>614</xmax>
			<ymax>480</ymax>
		</bndbox>
	</object>
</annotation>
