<annotation>
	<folder>images</folder>
	<filename>1058.jpg</filename>
	<path>C:\Users\tnk05\OneDrive\camera\images\images\1058.jpg</path>
	<source>
		<database>Unknown</database>
	</source>
	<size>
		<width>640</width>
		<height>480</height>
		<depth>3</depth>
	</size>
	<segmented>0</segmented>
	<object>
		<name>Yuzu</name>
		<pose>Unspecified</pose>
		<truncated>1</truncated>
		<difficult>0</difficult>
		<bndbox>
			<xmin>1</xmin>
			<ymin>94</ymin>
			<xmax>164</xmax>
			<ymax>329</ymax>
		</bndbox>
	</object>
	<object>
		<name>Nori</name>
		<pose>Unspecified</pose>
		<truncated>0</truncated>
		<difficult>0</difficult>
		<bndbox>
			<xmin>180</xmin>
			<ymin>138</ymin>
			<xmax>397</xmax>
			<ymax>389</ymax>
		</bndbox>
	</object>
</annotation>
