<annotation>
	<folder>images</folder>
	<filename>1059.jpg</filename>
	<path>C:\Users\tnk05\OneDrive\camera\images\images\1059.jpg</path>
	<source>
		<database>Unknown</database>
	</source>
	<size>
		<width>640</width>
		<height>480</height>
		<depth>3</depth>
	</size>
	<segmented>0</segmented>
	<object>
		<name>Yuzu</name>
		<pose>Unspecified</pose>
		<truncated>0</truncated>
		<difficult>0</difficult>
		<bndbox>
			<xmin>148</xmin>
			<ymin>166</ymin>
			<xmax>254</xmax>
			<ymax>273</ymax>
		</bndbox>
	</object>
	<object>
		<name>Nori</name>
		<pose>Unspecified</pose>
		<truncated>0</truncated>
		<difficult>0</difficult>
		<bndbox>
			<xmin>257</xmin>
			<ymin>206</ymin>
			<xmax>374</xmax>
			<ymax>333</ymax>
		</bndbox>
	</object>
</annotation>
