<annotation>
	<folder>images</folder>
	<filename>1060.jpg</filename>
	<path>C:\Users\tnk05\OneDrive\camera\images\images\1060.jpg</path>
	<source>
		<database>Unknown</database>
	</source>
	<size>
		<width>640</width>
		<height>480</height>
		<depth>3</depth>
	</size>
	<segmented>0</segmented>
	<object>
		<name>Yuzu</name>
		<pose>Unspecified</pose>
		<truncated>0</truncated>
		<difficult>0</difficult>
		<bndbox>
			<xmin>102</xmin>
			<ymin>192</ymin>
			<xmax>208</xmax>
			<ymax>297</ymax>
		</bndbox>
	</object>
	<object>
		<name>Nori</name>
		<pose>Unspecified</pose>
		<truncated>0</truncated>
		<difficult>0</difficult>
		<bndbox>
			<xmin>209</xmin>
			<ymin>220</ymin>
			<xmax>315</xmax>
			<ymax>343</ymax>
		</bndbox>
	</object>
</annotation>
