<annotation>
	<folder>images</folder>
	<filename>1061.jpg</filename>
	<path>C:\Users\tnk05\OneDrive\camera\images\images\1061.jpg</path>
	<source>
		<database>Unknown</database>
	</source>
	<size>
		<width>640</width>
		<height>480</height>
		<depth>3</depth>
	</size>
	<segmented>0</segmented>
	<object>
		<name>Yuzu</name>
		<pose>Unspecified</pose>
		<truncated>0</truncated>
		<difficult>0</difficult>
		<bndbox>
			<xmin>233</xmin>
			<ymin>271</ymin>
			<xmax>324</xmax>
			<ymax>363</ymax>
		</bndbox>
	</object>
	<object>
		<name>Nori</name>
		<pose>Unspecified</pose>
		<truncated>0</truncated>
		<difficult>0</difficult>
		<bndbox>
			<xmin>338</xmin>
			<ymin>265</ymin>
			<xmax>432</xmax>
			<ymax>369</ymax>
		</bndbox>
	</object>
</annotation>
