<annotation>
	<folder>images</folder>
	<filename>1062.jpg</filename>
	<path>C:\Users\tnk05\OneDrive\camera\images\images\1062.jpg</path>
	<source>
		<database>Unknown</database>
	</source>
	<size>
		<width>640</width>
		<height>480</height>
		<depth>3</depth>
	</size>
	<segmented>0</segmented>
	<object>
		<name>Yuzu</name>
		<pose>Unspecified</pose>
		<truncated>0</truncated>
		<difficult>0</difficult>
		<bndbox>
			<xmin>178</xmin>
			<ymin>50</ymin>
			<xmax>335</xmax>
			<ymax>218</ymax>
		</bndbox>
	</object>
	<object>
		<name>Nori</name>
		<pose>Unspecified</pose>
		<truncated>0</truncated>
		<difficult>0</difficult>
		<bndbox>
			<xmin>352</xmin>
			<ymin>41</ymin>
			<xmax>517</xmax>
			<ymax>243</ymax>
		</bndbox>
	</object>
</annotation>
