<annotation>
	<folder>images</folder>
	<filename>1068.jpg</filename>
	<path>C:\Users\tnk05\OneDrive\camera\images\images\1068.jpg</path>
	<source>
		<database>Unknown</database>
	</source>
	<size>
		<width>640</width>
		<height>480</height>
		<depth>3</depth>
	</size>
	<segmented>0</segmented>
	<object>
		<name>Nori</name>
		<pose>Unspecified</pose>
		<truncated>0</truncated>
		<difficult>0</difficult>
		<bndbox>
			<xmin>270</xmin>
			<ymin>314</ymin>
			<xmax>407</xmax>
			<ymax>443</ymax>
		</bndbox>
	</object>
</annotation>
