<annotation>
	<folder>images</folder>
	<filename>1069.jpg</filename>
	<path>C:\Users\tnk05\OneDrive\camera\images\images\1069.jpg</path>
	<source>
		<database>Unknown</database>
	</source>
	<size>
		<width>640</width>
		<height>480</height>
		<depth>3</depth>
	</size>
	<segmented>0</segmented>
	<object>
		<name>Nori</name>
		<pose>Unspecified</pose>
		<truncated>0</truncated>
		<difficult>0</difficult>
		<bndbox>
			<xmin>291</xmin>
			<ymin>180</ymin>
			<xmax>517</xmax>
			<ymax>358</ymax>
		</bndbox>
	</object>
	<object>
		<name>Yuzu</name>
		<pose>Unspecified</pose>
		<truncated>1</truncated>
		<difficult>0</difficult>
		<bndbox>
			<xmin>132</xmin>
			<ymin>327</ymin>
			<xmax>381</xmax>
			<ymax>480</ymax>
		</bndbox>
	</object>
</annotation>
