<annotation>
	<folder>images</folder>
	<filename>1071.jpg</filename>
	<path>C:\Users\tnk05\OneDrive\camera\images\images\1071.jpg</path>
	<source>
		<database>Unknown</database>
	</source>
	<size>
		<width>640</width>
		<height>480</height>
		<depth>3</depth>
	</size>
	<segmented>0</segmented>
	<object>
		<name>Yuzu</name>
		<pose>Unspecified</pose>
		<truncated>0</truncated>
		<difficult>0</difficult>
		<bndbox>
			<xmin>213</xmin>
			<ymin>267</ymin>
			<xmax>338</xmax>
			<ymax>381</ymax>
		</bndbox>
	</object>
	<object>
		<name>Yuzu</name>
		<pose>Unspecified</pose>
		<truncated>0</truncated>
		<difficult>0</difficult>
		<bndbox>
			<xmin>312</xmin>
			<ymin>196</ymin>
			<xmax>433</xmax>
			<ymax>331</ymax>
		</bndbox>
	</object>
</annotation>
