<annotation>
	<folder>images</folder>
	<filename>1072.jpg</filename>
	<path>C:\Users\tnk05\OneDrive\camera\images\images\1072.jpg</path>
	<source>
		<database>Unknown</database>
	</source>
	<size>
		<width>640</width>
		<height>480</height>
		<depth>3</depth>
	</size>
	<segmented>0</segmented>
	<object>
		<name>Yuzu</name>
		<pose>Unspecified</pose>
		<truncated>0</truncated>
		<difficult>0</difficult>
		<bndbox>
			<xmin>168</xmin>
			<ymin>193</ymin>
			<xmax>388</xmax>
			<ymax>381</ymax>
		</bndbox>
	</object>
</annotation>
