<annotation>
	<folder>images</folder>
	<filename>1073.jpg</filename>
	<path>C:\Users\tnk05\OneDrive\camera\images\images\1073.jpg</path>
	<source>
		<database>Unknown</database>
	</source>
	<size>
		<width>640</width>
		<height>480</height>
		<depth>3</depth>
	</size>
	<segmented>0</segmented>
	<object>
		<name>Yuzu</name>
		<pose>Unspecified</pose>
		<truncated>0</truncated>
		<difficult>0</difficult>
		<bndbox>
			<xmin>189</xmin>
			<ymin>199</ymin>
			<xmax>443</xmax>
			<ymax>401</ymax>
		</bndbox>
	</object>
	<object>
		<name>Yuzu</name>
		<pose>Unspecified</pose>
		<truncated>1</truncated>
		<difficult>0</difficult>
		<bndbox>
			<xmin>1</xmin>
			<ymin>372</ymin>
			<xmax>186</xmax>
			<ymax>480</ymax>
		</bndbox>
	</object>
</annotation>
