<annotation>
	<folder>images</folder>
	<filename>1074.jpg</filename>
	<path>C:\Users\tnk05\OneDrive\camera\images\images\1074.jpg</path>
	<source>
		<database>Unknown</database>
	</source>
	<size>
		<width>640</width>
		<height>480</height>
		<depth>3</depth>
	</size>
	<segmented>0</segmented>
	<object>
		<name>Yuzu</name>
		<pose>Unspecified</pose>
		<truncated>0</truncated>
		<difficult>0</difficult>
		<bndbox>
			<xmin>157</xmin>
			<ymin>219</ymin>
			<xmax>291</xmax>
			<ymax>335</ymax>
		</bndbox>
	</object>
	<object>
		<name>Nori</name>
		<pose>Unspecified</pose>
		<truncated>0</truncated>
		<difficult>0</difficult>
		<bndbox>
			<xmin>277</xmin>
			<ymin>118</ymin>
			<xmax>401</xmax>
			<ymax>223</ymax>
		</bndbox>
	</object>
</annotation>
