<annotation>
	<folder>images</folder>
	<filename>1075.jpg</filename>
	<path>C:\Users\tnk05\OneDrive\camera\images\images\1075.jpg</path>
	<source>
		<database>Unknown</database>
	</source>
	<size>
		<width>640</width>
		<height>480</height>
		<depth>3</depth>
	</size>
	<segmented>0</segmented>
	<object>
		<name>Ebi</name>
		<pose>Unspecified</pose>
		<truncated>0</truncated>
		<difficult>0</difficult>
		<bndbox>
			<xmin>245</xmin>
			<ymin>267</ymin>
			<xmax>399</xmax>
			<ymax>399</ymax>
		</bndbox>
	</object>
	<object>
		<name>Yuzu</name>
		<pose>Unspecified</pose>
		<truncated>1</truncated>
		<difficult>0</difficult>
		<bndbox>
			<xmin>161</xmin>
			<ymin>391</ymin>
			<xmax>337</xmax>
			<ymax>480</ymax>
		</bndbox>
	</object>
</annotation>
