<annotation>
	<folder>images</folder>
	<filename>1076.jpg</filename>
	<path>C:\Users\tnk05\OneDrive\camera\images\images\1076.jpg</path>
	<source>
		<database>Unknown</database>
	</source>
	<size>
		<width>640</width>
		<height>480</height>
		<depth>3</depth>
	</size>
	<segmented>0</segmented>
	<object>
		<name>Yuzu</name>
		<pose>Unspecified</pose>
		<truncated>0</truncated>
		<difficult>0</difficult>
		<bndbox>
			<xmin>290</xmin>
			<ymin>189</ymin>
			<xmax>479</xmax>
			<ymax>355</ymax>
		</bndbox>
	</object>
	<object>
		<name>Ebi</name>
		<pose>Unspecified</pose>
		<truncated>0</truncated>
		<difficult>0</difficult>
		<bndbox>
			<xmin>429</xmin>
			<ymin>79</ymin>
			<xmax>637</xmax>
			<ymax>277</ymax>
		</bndbox>
	</object>
</annotation>
