<annotation>
	<folder>images</folder>
	<filename>1077.jpg</filename>
	<path>C:\Users\tnk05\OneDrive\camera\images\images\1077.jpg</path>
	<source>
		<database>Unknown</database>
	</source>
	<size>
		<width>640</width>
		<height>480</height>
		<depth>3</depth>
	</size>
	<segmented>0</segmented>
	<object>
		<name>Yuzu</name>
		<pose>Unspecified</pose>
		<truncated>0</truncated>
		<difficult>0</difficult>
		<bndbox>
			<xmin>262</xmin>
			<ymin>274</ymin>
			<xmax>418</xmax>
			<ymax>419</ymax>
		</bndbox>
	</object>
	<object>
		<name>Ebi</name>
		<pose>Unspecified</pose>
		<truncated>0</truncated>
		<difficult>0</difficult>
		<bndbox>
			<xmin>443</xmin>
			<ymin>288</ymin>
			<xmax>595</xmax>
			<ymax>459</ymax>
		</bndbox>
	</object>
</annotation>
