<annotation>
	<folder>images</folder>
	<filename>1078.jpg</filename>
	<path>C:\Users\tnk05\OneDrive\camera\images\images\1078.jpg</path>
	<source>
		<database>Unknown</database>
	</source>
	<size>
		<width>640</width>
		<height>480</height>
		<depth>3</depth>
	</size>
	<segmented>0</segmented>
	<object>
		<name>Yuzu</name>
		<pose>Unspecified</pose>
		<truncated>0</truncated>
		<difficult>0</difficult>
		<bndbox>
			<xmin>205</xmin>
			<ymin>179</ymin>
			<xmax>357</xmax>
			<ymax>340</ymax>
		</bndbox>
	</object>
	<object>
		<name>Ebi</name>
		<pose>Unspecified</pose>
		<truncated>0</truncated>
		<difficult>0</difficult>
		<bndbox>
			<xmin>56</xmin>
			<ymin>111</ymin>
			<xmax>194</xmax>
			<ymax>299</ymax>
		</bndbox>
	</object>
</annotation>
