<annotation>
	<folder>images</folder>
	<filename>1079.jpg</filename>
	<path>C:\Users\tnk05\OneDrive\camera\images\images\1079.jpg</path>
	<source>
		<database>Unknown</database>
	</source>
	<size>
		<width>640</width>
		<height>480</height>
		<depth>3</depth>
	</size>
	<segmented>0</segmented>
	<object>
		<name>Yuzu</name>
		<pose>Unspecified</pose>
		<truncated>0</truncated>
		<difficult>0</difficult>
		<bndbox>
			<xmin>242</xmin>
			<ymin>320</ymin>
			<xmax>350</xmax>
			<ymax>427</ymax>
		</bndbox>
	</object>
	<object>
		<name>Ebi</name>
		<pose>Unspecified</pose>
		<truncated>0</truncated>
		<difficult>0</difficult>
		<bndbox>
			<xmin>190</xmin>
			<ymin>211</ymin>
			<xmax>302</xmax>
			<ymax>335</ymax>
		</bndbox>
	</object>
</annotation>
