<annotation>
	<folder>images</folder>
	<filename>1080.jpg</filename>
	<path>C:\Users\tnk05\OneDrive\camera\images\images\1080.jpg</path>
	<source>
		<database>Unknown</database>
	</source>
	<size>
		<width>640</width>
		<height>480</height>
		<depth>3</depth>
	</size>
	<segmented>0</segmented>
	<object>
		<name>Yuzu</name>
		<pose>Unspecified</pose>
		<truncated>0</truncated>
		<difficult>0</difficult>
		<bndbox>
			<xmin>238</xmin>
			<ymin>169</ymin>
			<xmax>351</xmax>
			<ymax>257</ymax>
		</bndbox>
	</object>
	<object>
		<name>Ebi</name>
		<pose>Unspecified</pose>
		<truncated>0</truncated>
		<difficult>0</difficult>
		<bndbox>
			<xmin>249</xmin>
			<ymin>61</ymin>
			<xmax>369</xmax>
			<ymax>166</ymax>
		</bndbox>
	</object>
</annotation>
