<annotation>
	<folder>images</folder>
	<filename>1081.jpg</filename>
	<path>C:\Users\tnk05\OneDrive\camera\images\images\1081.jpg</path>
	<source>
		<database>Unknown</database>
	</source>
	<size>
		<width>640</width>
		<height>480</height>
		<depth>3</depth>
	</size>
	<segmented>0</segmented>
	<object>
		<name>Ebi</name>
		<pose>Unspecified</pose>
		<truncated>1</truncated>
		<difficult>0</difficult>
		<bndbox>
			<xmin>166</xmin>
			<ymin>416</ymin>
			<xmax>313</xmax>
			<ymax>480</ymax>
		</bndbox>
	</object>
	<object>
		<name>Yuzu</name>
		<pose>Unspecified</pose>
		<truncated>0</truncated>
		<difficult>0</difficult>
		<bndbox>
			<xmin>209</xmin>
			<ymin>303</ymin>
			<xmax>355</xmax>
			<ymax>415</ymax>
		</bndbox>
	</object>
</annotation>
