<annotation>
	<folder>images</folder>
	<filename>1082.jpg</filename>
	<path>C:\Users\tnk05\OneDrive\camera\images\images\1082.jpg</path>
	<source>
		<database>Unknown</database>
	</source>
	<size>
		<width>640</width>
		<height>480</height>
		<depth>3</depth>
	</size>
	<segmented>0</segmented>
	<object>
		<name>Ebi</name>
		<pose>Unspecified</pose>
		<truncated>1</truncated>
		<difficult>0</difficult>
		<bndbox>
			<xmin>278</xmin>
			<ymin>414</ymin>
			<xmax>386</xmax>
			<ymax>480</ymax>
		</bndbox>
	</object>
	<object>
		<name>Yuzu</name>
		<pose>Unspecified</pose>
		<truncated>0</truncated>
		<difficult>0</difficult>
		<bndbox>
			<xmin>307</xmin>
			<ymin>326</ymin>
			<xmax>421</xmax>
			<ymax>409</ymax>
		</bndbox>
	</object>
</annotation>
