<annotation>
	<folder>images</folder>
	<filename>1083.jpg</filename>
	<path>C:\Users\tnk05\OneDrive\camera\images\images\1083.jpg</path>
	<source>
		<database>Unknown</database>
	</source>
	<size>
		<width>640</width>
		<height>480</height>
		<depth>3</depth>
	</size>
	<segmented>0</segmented>
	<object>
		<name>Ebi</name>
		<pose>Unspecified</pose>
		<truncated>0</truncated>
		<difficult>0</difficult>
		<bndbox>
			<xmin>108</xmin>
			<ymin>205</ymin>
			<xmax>219</xmax>
			<ymax>315</ymax>
		</bndbox>
	</object>
	<object>
		<name>Yuzu</name>
		<pose>Unspecified</pose>
		<truncated>0</truncated>
		<difficult>0</difficult>
		<bndbox>
			<xmin>223</xmin>
			<ymin>226</ymin>
			<xmax>310</xmax>
			<ymax>329</ymax>
		</bndbox>
	</object>
</annotation>
