<annotation>
	<folder>images</folder>
	<filename>1084.jpg</filename>
	<path>C:\Users\tnk05\OneDrive\camera\images\images\1084.jpg</path>
	<source>
		<database>Unknown</database>
	</source>
	<size>
		<width>640</width>
		<height>480</height>
		<depth>3</depth>
	</size>
	<segmented>0</segmented>
	<object>
		<name>Ebi</name>
		<pose>Unspecified</pose>
		<truncated>0</truncated>
		<difficult>0</difficult>
		<bndbox>
			<xmin>207</xmin>
			<ymin>324</ymin>
			<xmax>375</xmax>
			<ymax>451</ymax>
		</bndbox>
	</object>
</annotation>
