<annotation>
	<folder>images</folder>
	<filename>1085.jpg</filename>
	<path>C:\Users\tnk05\OneDrive\camera\images\images\1085.jpg</path>
	<source>
		<database>Unknown</database>
	</source>
	<size>
		<width>640</width>
		<height>480</height>
		<depth>3</depth>
	</size>
	<segmented>0</segmented>
	<object>
		<name>Yuzu</name>
		<pose>Unspecified</pose>
		<truncated>0</truncated>
		<difficult>0</difficult>
		<bndbox>
			<xmin>251</xmin>
			<ymin>244</ymin>
			<xmax>460</xmax>
			<ymax>408</ymax>
		</bndbox>
	</object>
	<object>
		<name>Ebi</name>
		<pose>Unspecified</pose>
		<truncated>0</truncated>
		<difficult>0</difficult>
		<bndbox>
			<xmin>380</xmin>
			<ymin>131</ymin>
			<xmax>596</xmax>
			<ymax>284</ymax>
		</bndbox>
	</object>
</annotation>
