<annotation>
	<folder>images</folder>
	<filename>1087.jpg</filename>
	<path>C:\Users\tnk05\OneDrive\camera\images\images\1087.jpg</path>
	<source>
		<database>Unknown</database>
	</source>
	<size>
		<width>640</width>
		<height>480</height>
		<depth>3</depth>
	</size>
	<segmented>0</segmented>
	<object>
		<name>Ebi</name>
		<pose>Unspecified</pose>
		<truncated>1</truncated>
		<difficult>0</difficult>
		<bndbox>
			<xmin>484</xmin>
			<ymin>413</ymin>
			<xmax>578</xmax>
			<ymax>480</ymax>
		</bndbox>
	</object>
	<object>
		<name>Yuzu</name>
		<pose>Unspecified</pose>
		<truncated>1</truncated>
		<difficult>0</difficult>
		<bndbox>
			<xmin>379</xmin>
			<ymin>427</ymin>
			<xmax>488</xmax>
			<ymax>480</ymax>
		</bndbox>
	</object>
</annotation>
