<annotation>
	<folder>images</folder>
	<filename>1088.jpg</filename>
	<path>C:\Users\tnk05\OneDrive\camera\images\images\1088.jpg</path>
	<source>
		<database>Unknown</database>
	</source>
	<size>
		<width>640</width>
		<height>480</height>
		<depth>3</depth>
	</size>
	<segmented>0</segmented>
	<object>
		<name>Yuzu</name>
		<pose>Unspecified</pose>
		<truncated>0</truncated>
		<difficult>0</difficult>
		<bndbox>
			<xmin>337</xmin>
			<ymin>271</ymin>
			<xmax>413</xmax>
			<ymax>346</ymax>
		</bndbox>
	</object>
	<object>
		<name>Ebi</name>
		<pose>Unspecified</pose>
		<truncated>0</truncated>
		<difficult>0</difficult>
		<bndbox>
			<xmin>398</xmin>
			<ymin>233</ymin>
			<xmax>496</xmax>
			<ymax>314</ymax>
		</bndbox>
	</object>
</annotation>
