<annotation>
	<folder>images</folder>
	<filename>1089.jpg</filename>
	<path>C:\Users\tnk05\OneDrive\camera\images\images\1089.jpg</path>
	<source>
		<database>Unknown</database>
	</source>
	<size>
		<width>640</width>
		<height>480</height>
		<depth>3</depth>
	</size>
	<segmented>0</segmented>
	<object>
		<name>Ebi</name>
		<pose>Unspecified</pose>
		<truncated>0</truncated>
		<difficult>0</difficult>
		<bndbox>
			<xmin>319</xmin>
			<ymin>200</ymin>
			<xmax>391</xmax>
			<ymax>263</ymax>
		</bndbox>
	</object>
	<object>
		<name>Yuzu</name>
		<pose>Unspecified</pose>
		<truncated>0</truncated>
		<difficult>0</difficult>
		<bndbox>
			<xmin>260</xmin>
			<ymin>230</ymin>
			<xmax>335</xmax>
			<ymax>285</ymax>
		</bndbox>
	</object>
</annotation>
