<annotation>
	<folder>images</folder>
	<filename>1090.jpg</filename>
	<path>C:\Users\tnk05\OneDrive\camera\images\images\1090.jpg</path>
	<source>
		<database>Unknown</database>
	</source>
	<size>
		<width>640</width>
		<height>480</height>
		<depth>3</depth>
	</size>
	<segmented>0</segmented>
	<object>
		<name>Yuzu</name>
		<pose>Unspecified</pose>
		<truncated>0</truncated>
		<difficult>0</difficult>
		<bndbox>
			<xmin>95</xmin>
			<ymin>176</ymin>
			<xmax>279</xmax>
			<ymax>333</ymax>
		</bndbox>
	</object>
	<object>
		<name>Ebi</name>
		<pose>Unspecified</pose>
		<truncated>0</truncated>
		<difficult>0</difficult>
		<bndbox>
			<xmin>45</xmin>
			<ymin>13</ymin>
			<xmax>231</xmax>
			<ymax>187</ymax>
		</bndbox>
	</object>
</annotation>
