<annotation>
	<folder>images</folder>
	<filename>1091.jpg</filename>
	<path>C:\Users\tnk05\OneDrive\camera\images\images\1091.jpg</path>
	<source>
		<database>Unknown</database>
	</source>
	<size>
		<width>640</width>
		<height>480</height>
		<depth>3</depth>
	</size>
	<segmented>0</segmented>
	<object>
		<name>Yuzu</name>
		<pose>Unspecified</pose>
		<truncated>1</truncated>
		<difficult>0</difficult>
		<bndbox>
			<xmin>258</xmin>
			<ymin>275</ymin>
			<xmax>561</xmax>
			<ymax>480</ymax>
		</bndbox>
	</object>
	<object>
		<name>Ebi</name>
		<pose>Unspecified</pose>
		<truncated>0</truncated>
		<difficult>0</difficult>
		<bndbox>
			<xmin>301</xmin>
			<ymin>13</ymin>
			<xmax>622</xmax>
			<ymax>292</ymax>
		</bndbox>
	</object>
</annotation>
