<annotation>
	<folder>images</folder>
	<filename>1093.jpg</filename>
	<path>C:\Users\tnk05\OneDrive\camera\images\images\1093.jpg</path>
	<source>
		<database>Unknown</database>
	</source>
	<size>
		<width>640</width>
		<height>480</height>
		<depth>3</depth>
	</size>
	<segmented>0</segmented>
	<object>
		<name>Yuzu</name>
		<pose>Unspecified</pose>
		<truncated>1</truncated>
		<difficult>0</difficult>
		<bndbox>
			<xmin>1</xmin>
			<ymin>226</ymin>
			<xmax>140</xmax>
			<ymax>468</ymax>
		</bndbox>
	</object>
	<object>
		<name>Ebi</name>
		<pose>Unspecified</pose>
		<truncated>0</truncated>
		<difficult>0</difficult>
		<bndbox>
			<xmin>224</xmin>
			<ymin>12</ymin>
			<xmax>414</xmax>
			<ymax>224</ymax>
		</bndbox>
	</object>
</annotation>
