<annotation>
	<folder>images</folder>
	<filename>1095.jpg</filename>
	<path>C:\Users\tnk05\OneDrive\camera\images\images\1095.jpg</path>
	<source>
		<database>Unknown</database>
	</source>
	<size>
		<width>640</width>
		<height>480</height>
		<depth>3</depth>
	</size>
	<segmented>0</segmented>
	<object>
		<name>Yuzu</name>
		<pose>Unspecified</pose>
		<truncated>0</truncated>
		<difficult>0</difficult>
		<bndbox>
			<xmin>42</xmin>
			<ymin>194</ymin>
			<xmax>201</xmax>
			<ymax>323</ymax>
		</bndbox>
	</object>
	<object>
		<name>Ebi</name>
		<pose>Unspecified</pose>
		<truncated>0</truncated>
		<difficult>0</difficult>
		<bndbox>
			<xmin>276</xmin>
			<ymin>104</ymin>
			<xmax>386</xmax>
			<ymax>239</ymax>
		</bndbox>
	</object>
	<object>
		<name>Nori</name>
		<pose>Unspecified</pose>
		<truncated>1</truncated>
		<difficult>0</difficult>
		<bndbox>
			<xmin>59</xmin>
			<ymin>337</ymin>
			<xmax>234</xmax>
			<ymax>480</ymax>
		</bndbox>
	</object>
</annotation>
