<annotation>
	<folder>images</folder>
	<filename>1096.jpg</filename>
	<path>C:\Users\tnk05\OneDrive\camera\images\images\1096.jpg</path>
	<source>
		<database>Unknown</database>
	</source>
	<size>
		<width>640</width>
		<height>480</height>
		<depth>3</depth>
	</size>
	<segmented>0</segmented>
	<object>
		<name>Ebi</name>
		<pose>Unspecified</pose>
		<truncated>1</truncated>
		<difficult>0</difficult>
		<bndbox>
			<xmin>68</xmin>
			<ymin>388</ymin>
			<xmax>237</xmax>
			<ymax>480</ymax>
		</bndbox>
	</object>
	<object>
		<name>Nori</name>
		<pose>Unspecified</pose>
		<truncated>0</truncated>
		<difficult>0</difficult>
		<bndbox>
			<xmin>174</xmin>
			<ymin>226</ymin>
			<xmax>389</xmax>
			<ymax>429</ymax>
		</bndbox>
	</object>
</annotation>
