<annotation>
	<folder>images</folder>
	<filename>1097.jpg</filename>
	<path>C:\Users\tnk05\OneDrive\camera\images\images\1097.jpg</path>
	<source>
		<database>Unknown</database>
	</source>
	<size>
		<width>640</width>
		<height>480</height>
		<depth>3</depth>
	</size>
	<segmented>0</segmented>
	<object>
		<name>Ebi</name>
		<pose>Unspecified</pose>
		<truncated>1</truncated>
		<difficult>0</difficult>
		<bndbox>
			<xmin>119</xmin>
			<ymin>368</ymin>
			<xmax>254</xmax>
			<ymax>480</ymax>
		</bndbox>
	</object>
	<object>
		<name>Nori</name>
		<pose>Unspecified</pose>
		<truncated>1</truncated>
		<difficult>0</difficult>
		<bndbox>
			<xmin>396</xmin>
			<ymin>345</ymin>
			<xmax>564</xmax>
			<ymax>480</ymax>
		</bndbox>
	</object>
</annotation>
