<annotation>
	<folder>images</folder>
	<filename>1100.jpg</filename>
	<path>C:\Users\tnk05\OneDrive\camera\images\images\1100.jpg</path>
	<source>
		<database>Unknown</database>
	</source>
	<size>
		<width>640</width>
		<height>480</height>
		<depth>3</depth>
	</size>
	<segmented>0</segmented>
	<object>
		<name>Yuzu</name>
		<pose>Unspecified</pose>
		<truncated>0</truncated>
		<difficult>0</difficult>
		<bndbox>
			<xmin>18</xmin>
			<ymin>101</ymin>
			<xmax>236</xmax>
			<ymax>285</ymax>
		</bndbox>
	</object>
	<object>
		<name>Nori</name>
		<pose>Unspecified</pose>
		<truncated>0</truncated>
		<difficult>0</difficult>
		<bndbox>
			<xmin>335</xmin>
			<ymin>192</ymin>
			<xmax>531</xmax>
			<ymax>416</ymax>
		</bndbox>
	</object>
</annotation>
