<annotation>
	<folder>images</folder>
	<filename>829.jpg</filename>
	<path>C:\Users\tnk05\OneDrive\camera\images\images\829.jpg</path>
	<source>
		<database>Unknown</database>
	</source>
	<size>
		<width>640</width>
		<height>480</height>
		<depth>3</depth>
	</size>
	<segmented>0</segmented>
	<object>
		<name>Yuzu</name>
		<pose>Unspecified</pose>
		<truncated>0</truncated>
		<difficult>0</difficult>
		<bndbox>
			<xmin>96</xmin>
			<ymin>311</ymin>
			<xmax>246</xmax>
			<ymax>454</ymax>
		</bndbox>
	</object>
	<object>
		<name>Ebi</name>
		<pose>Unspecified</pose>
		<truncated>1</truncated>
		<difficult>0</difficult>
		<bndbox>
			<xmin>281</xmin>
			<ymin>421</ymin>
			<xmax>418</xmax>
			<ymax>480</ymax>
		</bndbox>
	</object>
</annotation>
