<annotation>
	<folder>images</folder>
	<filename>831.jpg</filename>
	<path>C:\Users\tnk05\OneDrive\camera\images\images\831.jpg</path>
	<source>
		<database>Unknown</database>
	</source>
	<size>
		<width>640</width>
		<height>480</height>
		<depth>3</depth>
	</size>
	<segmented>0</segmented>
	<object>
		<name>Yuzu</name>
		<pose>Unspecified</pose>
		<truncated>0</truncated>
		<difficult>0</difficult>
		<bndbox>
			<xmin>18</xmin>
			<ymin>119</ymin>
			<xmax>126</xmax>
			<ymax>221</ymax>
		</bndbox>
	</object>
	<object>
		<name>Ebi</name>
		<pose>Unspecified</pose>
		<truncated>0</truncated>
		<difficult>0</difficult>
		<bndbox>
			<xmin>90</xmin>
			<ymin>238</ymin>
			<xmax>198</xmax>
			<ymax>343</ymax>
		</bndbox>
	</object>
</annotation>
