<annotation>
	<folder>images</folder>
	<filename>835.jpg</filename>
	<path>C:\Users\tnk05\OneDrive\camera\images\images\835.jpg</path>
	<source>
		<database>Unknown</database>
	</source>
	<size>
		<width>640</width>
		<height>480</height>
		<depth>3</depth>
	</size>
	<segmented>0</segmented>
	<object>
		<name>Ebi</name>
		<pose>Unspecified</pose>
		<truncated>1</truncated>
		<difficult>0</difficult>
		<bndbox>
			<xmin>1</xmin>
			<ymin>367</ymin>
			<xmax>70</xmax>
			<ymax>463</ymax>
		</bndbox>
	</object>
	<object>
		<name>Nori</name>
		<pose>Unspecified</pose>
		<truncated>0</truncated>
		<difficult>0</difficult>
		<bndbox>
			<xmin>7</xmin>
			<ymin>272</ymin>
			<xmax>131</xmax>
			<ymax>367</ymax>
		</bndbox>
	</object>
</annotation>
