<annotation>
	<folder>images</folder>
	<filename>849.jpg</filename>
	<path>C:\Users\tnk05\OneDrive\camera\images\images\849.jpg</path>
	<source>
		<database>Unknown</database>
	</source>
	<size>
		<width>640</width>
		<height>480</height>
		<depth>3</depth>
	</size>
	<segmented>0</segmented>
	<object>
		<name>Yuzu</name>
		<pose>Unspecified</pose>
		<truncated>0</truncated>
		<difficult>0</difficult>
		<bndbox>
			<xmin>34</xmin>
			<ymin>191</ymin>
			<xmax>212</xmax>
			<ymax>380</ymax>
		</bndbox>
	</object>
	<object>
		<name>Ebi</name>
		<pose>Unspecified</pose>
		<truncated>1</truncated>
		<difficult>0</difficult>
		<bndbox>
			<xmin>159</xmin>
			<ymin>360</ymin>
			<xmax>377</xmax>
			<ymax>480</ymax>
		</bndbox>
	</object>
</annotation>
