<annotation>
	<folder>images</folder>
	<filename>850.jpg</filename>
	<path>C:\Users\tnk05\OneDrive\camera\images\images\850.jpg</path>
	<source>
		<database>Unknown</database>
	</source>
	<size>
		<width>640</width>
		<height>480</height>
		<depth>3</depth>
	</size>
	<segmented>0</segmented>
	<object>
		<name>Yuzu</name>
		<pose>Unspecified</pose>
		<truncated>0</truncated>
		<difficult>0</difficult>
		<bndbox>
			<xmin>290</xmin>
			<ymin>111</ymin>
			<xmax>459</xmax>
			<ymax>257</ymax>
		</bndbox>
	</object>
	<object>
		<name>Ebi</name>
		<pose>Unspecified</pose>
		<truncated>0</truncated>
		<difficult>0</difficult>
		<bndbox>
			<xmin>373</xmin>
			<ymin>272</ymin>
			<xmax>562</xmax>
			<ymax>476</ymax>
		</bndbox>
	</object>
	<object>
		<name>Nori</name>
		<pose>Unspecified</pose>
		<truncated>1</truncated>
		<difficult>0</difficult>
		<bndbox>
			<xmin>47</xmin>
			<ymin>300</ymin>
			<xmax>248</xmax>
			<ymax>480</ymax>
		</bndbox>
	</object>
</annotation>
