<annotation>
	<folder>images</folder>
	<filename>851.jpg</filename>
	<path>C:\Users\tnk05\OneDrive\camera\images\images\851.jpg</path>
	<source>
		<database>Unknown</database>
	</source>
	<size>
		<width>640</width>
		<height>480</height>
		<depth>3</depth>
	</size>
	<segmented>0</segmented>
	<object>
		<name>Ebi</name>
		<pose>Unspecified</pose>
		<truncated>0</truncated>
		<difficult>0</difficult>
		<bndbox>
			<xmin>339</xmin>
			<ymin>244</ymin>
			<xmax>521</xmax>
			<ymax>392</ymax>
		</bndbox>
	</object>
	<object>
		<name>Nori</name>
		<pose>Unspecified</pose>
		<truncated>1</truncated>
		<difficult>0</difficult>
		<bndbox>
			<xmin>142</xmin>
			<ymin>357</ymin>
			<xmax>325</xmax>
			<ymax>480</ymax>
		</bndbox>
	</object>
</annotation>
