<annotation>
	<folder>images</folder>
	<filename>855.jpg</filename>
	<path>C:\Users\tnk05\OneDrive\camera\images\images\855.jpg</path>
	<source>
		<database>Unknown</database>
	</source>
	<size>
		<width>640</width>
		<height>480</height>
		<depth>3</depth>
	</size>
	<segmented>0</segmented>
	<object>
		<name>Ebi</name>
		<pose>Unspecified</pose>
		<truncated>0</truncated>
		<difficult>0</difficult>
		<bndbox>
			<xmin>227</xmin>
			<ymin>335</ymin>
			<xmax>397</xmax>
			<ymax>477</ymax>
		</bndbox>
	</object>
	<object>
		<name>Nori</name>
		<pose>Unspecified</pose>
		<truncated>0</truncated>
		<difficult>0</difficult>
		<bndbox>
			<xmin>21</xmin>
			<ymin>301</ymin>
			<xmax>214</xmax>
			<ymax>457</ymax>
		</bndbox>
	</object>
</annotation>
