<annotation>
	<folder>images</folder>
	<filename>860.jpg</filename>
	<path>C:\Users\tnk05\OneDrive\camera\images\images\860.jpg</path>
	<source>
		<database>Unknown</database>
	</source>
	<size>
		<width>640</width>
		<height>480</height>
		<depth>3</depth>
	</size>
	<segmented>0</segmented>
	<object>
		<name>Ebi</name>
		<pose>Unspecified</pose>
		<truncated>0</truncated>
		<difficult>0</difficult>
		<bndbox>
			<xmin>144</xmin>
			<ymin>273</ymin>
			<xmax>266</xmax>
			<ymax>378</ymax>
		</bndbox>
	</object>
	<object>
		<name>Nori</name>
		<pose>Unspecified</pose>
		<truncated>1</truncated>
		<difficult>0</difficult>
		<bndbox>
			<xmin>62</xmin>
			<ymin>383</ymin>
			<xmax>170</xmax>
			<ymax>480</ymax>
		</bndbox>
	</object>
</annotation>
