<annotation>
	<folder>images</folder>
	<filename>861.jpg</filename>
	<path>C:\Users\tnk05\OneDrive\camera\images\images\861.jpg</path>
	<source>
		<database>Unknown</database>
	</source>
	<size>
		<width>640</width>
		<height>480</height>
		<depth>3</depth>
	</size>
	<segmented>0</segmented>
	<object>
		<name>Ebi</name>
		<pose>Unspecified</pose>
		<truncated>0</truncated>
		<difficult>0</difficult>
		<bndbox>
			<xmin>190</xmin>
			<ymin>345</ymin>
			<xmax>301</xmax>
			<ymax>443</ymax>
		</bndbox>
	</object>
	<object>
		<name>Nori</name>
		<pose>Unspecified</pose>
		<truncated>0</truncated>
		<difficult>0</difficult>
		<bndbox>
			<xmin>70</xmin>
			<ymin>326</ymin>
			<xmax>176</xmax>
			<ymax>426</ymax>
		</bndbox>
	</object>
</annotation>
