<annotation>
	<folder>images</folder>
	<filename>864.jpg</filename>
	<path>C:\Users\tnk05\OneDrive\camera\images\images\864.jpg</path>
	<source>
		<database>Unknown</database>
	</source>
	<size>
		<width>640</width>
		<height>480</height>
		<depth>3</depth>
	</size>
	<segmented>0</segmented>
	<object>
		<name>Ebi</name>
		<pose>Unspecified</pose>
		<truncated>1</truncated>
		<difficult>0</difficult>
		<bndbox>
			<xmin>267</xmin>
			<ymin>419</ymin>
			<xmax>369</xmax>
			<ymax>480</ymax>
		</bndbox>
	</object>
	<object>
		<name>Nori</name>
		<pose>Unspecified</pose>
		<truncated>0</truncated>
		<difficult>0</difficult>
		<bndbox>
			<xmin>187</xmin>
			<ymin>346</ymin>
			<xmax>286</xmax>
			<ymax>450</ymax>
		</bndbox>
	</object>
</annotation>
