<annotation>
	<folder>images</folder>
	<filename>865.jpg</filename>
	<path>C:\Users\tnk05\OneDrive\camera\images\images\865.jpg</path>
	<source>
		<database>Unknown</database>
	</source>
	<size>
		<width>640</width>
		<height>480</height>
		<depth>3</depth>
	</size>
	<segmented>0</segmented>
	<object>
		<name>Yuzu</name>
		<pose>Unspecified</pose>
		<truncated>0</truncated>
		<difficult>0</difficult>
		<bndbox>
			<xmin>243</xmin>
			<ymin>205</ymin>
			<xmax>362</xmax>
			<ymax>309</ymax>
		</bndbox>
	</object>
	<object>
		<name>Nori</name>
		<pose>Unspecified</pose>
		<truncated>0</truncated>
		<difficult>0</difficult>
		<bndbox>
			<xmin>364</xmin>
			<ymin>354</ymin>
			<xmax>492</xmax>
			<ymax>471</ymax>
		</bndbox>
	</object>
</annotation>
