<annotation>
	<folder>images</folder>
	<filename>866.jpg</filename>
	<path>C:\Users\tnk05\OneDrive\camera\images\images\866.jpg</path>
	<source>
		<database>Unknown</database>
	</source>
	<size>
		<width>640</width>
		<height>480</height>
		<depth>3</depth>
	</size>
	<segmented>0</segmented>
	<object>
		<name>Yuzu</name>
		<pose>Unspecified</pose>
		<truncated>1</truncated>
		<difficult>0</difficult>
		<bndbox>
			<xmin>207</xmin>
			<ymin>329</ymin>
			<xmax>446</xmax>
			<ymax>480</ymax>
		</bndbox>
	</object>
</annotation>
