<annotation>
	<folder>images</folder>
	<filename>868.jpg</filename>
	<path>C:\Users\tnk05\OneDrive\camera\images\images\868.jpg</path>
	<source>
		<database>Unknown</database>
	</source>
	<size>
		<width>640</width>
		<height>480</height>
		<depth>3</depth>
	</size>
	<segmented>0</segmented>
	<object>
		<name>Yuzu</name>
		<pose>Unspecified</pose>
		<truncated>1</truncated>
		<difficult>0</difficult>
		<bndbox>
			<xmin>451</xmin>
			<ymin>100</ymin>
			<xmax>640</xmax>
			<ymax>289</ymax>
		</bndbox>
	</object>
	<object>
		<name>Nori</name>
		<pose>Unspecified</pose>
		<truncated>0</truncated>
		<difficult>0</difficult>
		<bndbox>
			<xmin>201</xmin>
			<ymin>216</ymin>
			<xmax>404</xmax>
			<ymax>433</ymax>
		</bndbox>
	</object>
</annotation>
