<annotation>
	<folder>images</folder>
	<filename>869.jpg</filename>
	<path>C:\Users\tnk05\OneDrive\camera\images\images\869.jpg</path>
	<source>
		<database>Unknown</database>
	</source>
	<size>
		<width>640</width>
		<height>480</height>
		<depth>3</depth>
	</size>
	<segmented>0</segmented>
	<object>
		<name>Yuzu</name>
		<pose>Unspecified</pose>
		<truncated>0</truncated>
		<difficult>0</difficult>
		<bndbox>
			<xmin>289</xmin>
			<ymin>115</ymin>
			<xmax>412</xmax>
			<ymax>217</ymax>
		</bndbox>
	</object>
	<object>
		<name>Nori</name>
		<pose>Unspecified</pose>
		<truncated>0</truncated>
		<difficult>0</difficult>
		<bndbox>
			<xmin>113</xmin>
			<ymin>154</ymin>
			<xmax>245</xmax>
			<ymax>310</ymax>
		</bndbox>
	</object>
</annotation>
