<annotation>
	<folder>images</folder>
	<filename>870.jpg</filename>
	<path>C:\Users\tnk05\OneDrive\camera\images\images\870.jpg</path>
	<source>
		<database>Unknown</database>
	</source>
	<size>
		<width>640</width>
		<height>480</height>
		<depth>3</depth>
	</size>
	<segmented>0</segmented>
	<object>
		<name>Yuzu</name>
		<pose>Unspecified</pose>
		<truncated>1</truncated>
		<difficult>0</difficult>
		<bndbox>
			<xmin>482</xmin>
			<ymin>1</ymin>
			<xmax>604</xmax>
			<ymax>59</ymax>
		</bndbox>
	</object>
	<object>
		<name>Ebi</name>
		<pose>Unspecified</pose>
		<truncated>0</truncated>
		<difficult>0</difficult>
		<bndbox>
			<xmin>158</xmin>
			<ymin>166</ymin>
			<xmax>351</xmax>
			<ymax>339</ymax>
		</bndbox>
	</object>
	<object>
		<name>Nori</name>
		<pose>Unspecified</pose>
		<truncated>0</truncated>
		<difficult>0</difficult>
		<bndbox>
			<xmin>290</xmin>
			<ymin>2</ymin>
			<xmax>447</xmax>
			<ymax>170</ymax>
		</bndbox>
	</object>
</annotation>
