<annotation>
	<folder>images</folder>
	<filename>871.jpg</filename>
	<path>C:\Users\tnk05\OneDrive\camera\images\images\871.jpg</path>
	<source>
		<database>Unknown</database>
	</source>
	<size>
		<width>640</width>
		<height>480</height>
		<depth>3</depth>
	</size>
	<segmented>0</segmented>
	<object>
		<name>Yuzu</name>
		<pose>Unspecified</pose>
		<truncated>0</truncated>
		<difficult>0</difficult>
		<bndbox>
			<xmin>126</xmin>
			<ymin>185</ymin>
			<xmax>311</xmax>
			<ymax>330</ymax>
		</bndbox>
	</object>
</annotation>
