<annotation>
	<folder>images</folder>
	<filename>872.jpg</filename>
	<path>C:\Users\tnk05\OneDrive\camera\images\images\872.jpg</path>
	<source>
		<database>Unknown</database>
	</source>
	<size>
		<width>640</width>
		<height>480</height>
		<depth>3</depth>
	</size>
	<segmented>0</segmented>
	<object>
		<name>Yuzu</name>
		<pose>Unspecified</pose>
		<truncated>0</truncated>
		<difficult>0</difficult>
		<bndbox>
			<xmin>24</xmin>
			<ymin>193</ymin>
			<xmax>203</xmax>
			<ymax>338</ymax>
		</bndbox>
	</object>
	<object>
		<name>Ebi</name>
		<pose>Unspecified</pose>
		<truncated>0</truncated>
		<difficult>0</difficult>
		<bndbox>
			<xmin>473</xmin>
			<ymin>7</ymin>
			<xmax>606</xmax>
			<ymax>61</ymax>
		</bndbox>
	</object>
</annotation>
