<annotation>
	<folder>images</folder>
	<filename>874.jpg</filename>
	<path>C:\Users\tnk05\OneDrive\camera\images\images\874.jpg</path>
	<source>
		<database>Unknown</database>
	</source>
	<size>
		<width>640</width>
		<height>480</height>
		<depth>3</depth>
	</size>
	<segmented>0</segmented>
	<object>
		<name>Yuzu</name>
		<pose>Unspecified</pose>
		<truncated>0</truncated>
		<difficult>0</difficult>
		<bndbox>
			<xmin>261</xmin>
			<ymin>27</ymin>
			<xmax>415</xmax>
			<ymax>154</ymax>
		</bndbox>
	</object>
	<object>
		<name>Nori</name>
		<pose>Unspecified</pose>
		<truncated>0</truncated>
		<difficult>0</difficult>
		<bndbox>
			<xmin>52</xmin>
			<ymin>80</ymin>
			<xmax>226</xmax>
			<ymax>264</ymax>
		</bndbox>
	</object>
</annotation>
