<annotation>
	<folder>images</folder>
	<filename>875.jpg</filename>
	<path>C:\Users\tnk05\OneDrive\camera\images\images\875.jpg</path>
	<source>
		<database>Unknown</database>
	</source>
	<size>
		<width>640</width>
		<height>480</height>
		<depth>3</depth>
	</size>
	<segmented>0</segmented>
	<object>
		<name>Ebi</name>
		<pose>Unspecified</pose>
		<truncated>1</truncated>
		<difficult>0</difficult>
		<bndbox>
			<xmin>1</xmin>
			<ymin>137</ymin>
			<xmax>194</xmax>
			<ymax>344</ymax>
		</bndbox>
	</object>
	<object>
		<name>Nori</name>
		<pose>Unspecified</pose>
		<truncated>0</truncated>
		<difficult>0</difficult>
		<bndbox>
			<xmin>101</xmin>
			<ymin>3</ymin>
			<xmax>311</xmax>
			<ymax>139</ymax>
		</bndbox>
	</object>
</annotation>
