<annotation>
	<folder>images</folder>
	<filename>876.jpg</filename>
	<path>C:\Users\tnk05\OneDrive\camera\images\images\876.jpg</path>
	<source>
		<database>Unknown</database>
	</source>
	<size>
		<width>640</width>
		<height>480</height>
		<depth>3</depth>
	</size>
	<segmented>0</segmented>
	<object>
		<name>Yuzu</name>
		<pose>Unspecified</pose>
		<truncated>0</truncated>
		<difficult>0</difficult>
		<bndbox>
			<xmin>179</xmin>
			<ymin>102</ymin>
			<xmax>290</xmax>
			<ymax>204</ymax>
		</bndbox>
	</object>
	<object>
		<name>Ebi</name>
		<pose>Unspecified</pose>
		<truncated>1</truncated>
		<difficult>0</difficult>
		<bndbox>
			<xmin>1</xmin>
			<ymin>302</ymin>
			<xmax>73</xmax>
			<ymax>435</ymax>
		</bndbox>
	</object>
	<object>
		<name>Nori</name>
		<pose>Unspecified</pose>
		<truncated>0</truncated>
		<difficult>0</difficult>
		<bndbox>
			<xmin>27</xmin>
			<ymin>170</ymin>
			<xmax>162</xmax>
			<ymax>289</ymax>
		</bndbox>
	</object>
</annotation>
