<annotation>
	<folder>images</folder>
	<filename>877.jpg</filename>
	<path>C:\Users\tnk05\OneDrive\camera\images\images\877.jpg</path>
	<source>
		<database>Unknown</database>
	</source>
	<size>
		<width>640</width>
		<height>480</height>
		<depth>3</depth>
	</size>
	<segmented>0</segmented>
	<object>
		<name>Yuzu</name>
		<pose>Unspecified</pose>
		<truncated>0</truncated>
		<difficult>0</difficult>
		<bndbox>
			<xmin>278</xmin>
			<ymin>251</ymin>
			<xmax>429</xmax>
			<ymax>381</ymax>
		</bndbox>
	</object>
	<object>
		<name>Nori</name>
		<pose>Unspecified</pose>
		<truncated>0</truncated>
		<difficult>0</difficult>
		<bndbox>
			<xmin>33</xmin>
			<ymin>248</ymin>
			<xmax>204</xmax>
			<ymax>418</ymax>
		</bndbox>
	</object>
</annotation>
