<annotation>
	<folder>images</folder>
	<filename>878.jpg</filename>
	<path>C:\Users\tnk05\OneDrive\camera\images\images\878.jpg</path>
	<source>
		<database>Unknown</database>
	</source>
	<size>
		<width>640</width>
		<height>480</height>
		<depth>3</depth>
	</size>
	<segmented>0</segmented>
	<object>
		<name>Yuzu</name>
		<pose>Unspecified</pose>
		<truncated>0</truncated>
		<difficult>0</difficult>
		<bndbox>
			<xmin>70</xmin>
			<ymin>318</ymin>
			<xmax>294</xmax>
			<ymax>473</ymax>
		</bndbox>
	</object>
</annotation>
