<annotation>
	<folder>images</folder>
	<filename>883.jpg</filename>
	<path>C:\Users\tnk05\OneDrive\camera\images\images\883.jpg</path>
	<source>
		<database>Unknown</database>
	</source>
	<size>
		<width>640</width>
		<height>480</height>
		<depth>3</depth>
	</size>
	<segmented>0</segmented>
	<object>
		<name>Yuzu</name>
		<pose>Unspecified</pose>
		<truncated>0</truncated>
		<difficult>0</difficult>
		<bndbox>
			<xmin>119</xmin>
			<ymin>152</ymin>
			<xmax>282</xmax>
			<ymax>297</ymax>
		</bndbox>
	</object>
	<object>
		<name>Nori</name>
		<pose>Unspecified</pose>
		<truncated>1</truncated>
		<difficult>0</difficult>
		<bndbox>
			<xmin>1</xmin>
			<ymin>288</ymin>
			<xmax>144</xmax>
			<ymax>468</ymax>
		</bndbox>
	</object>
</annotation>
