<annotation>
	<folder>images</folder>
	<filename>886.jpg</filename>
	<path>C:\Users\tnk05\OneDrive\camera\images\images\886.jpg</path>
	<source>
		<database>Unknown</database>
	</source>
	<size>
		<width>640</width>
		<height>480</height>
		<depth>3</depth>
	</size>
	<segmented>0</segmented>
	<object>
		<name>Yuzu</name>
		<pose>Unspecified</pose>
		<truncated>0</truncated>
		<difficult>0</difficult>
		<bndbox>
			<xmin>258</xmin>
			<ymin>132</ymin>
			<xmax>409</xmax>
			<ymax>292</ymax>
		</bndbox>
	</object>
	<object>
		<name>Ebi</name>
		<pose>Unspecified</pose>
		<truncated>0</truncated>
		<difficult>0</difficult>
		<bndbox>
			<xmin>140</xmin>
			<ymin>240</ymin>
			<xmax>312</xmax>
			<ymax>442</ymax>
		</bndbox>
	</object>
	<object>
		<name>Nori</name>
		<pose>Unspecified</pose>
		<truncated>1</truncated>
		<difficult>0</difficult>
		<bndbox>
			<xmin>1</xmin>
			<ymin>96</ymin>
			<xmax>155</xmax>
			<ymax>278</ymax>
		</bndbox>
	</object>
</annotation>
