<annotation>
	<folder>images</folder>
	<filename>892.jpg</filename>
	<path>C:\Users\tnk05\OneDrive\camera\images\images\892.jpg</path>
	<source>
		<database>Unknown</database>
	</source>
	<size>
		<width>640</width>
		<height>480</height>
		<depth>3</depth>
	</size>
	<segmented>0</segmented>
	<object>
		<name>Yuzu</name>
		<pose>Unspecified</pose>
		<truncated>0</truncated>
		<difficult>0</difficult>
		<bndbox>
			<xmin>110</xmin>
			<ymin>122</ymin>
			<xmax>251</xmax>
			<ymax>257</ymax>
		</bndbox>
	</object>
	<object>
		<name>Ebi</name>
		<pose>Unspecified</pose>
		<truncated>0</truncated>
		<difficult>0</difficult>
		<bndbox>
			<xmin>7</xmin>
			<ymin>200</ymin>
			<xmax>144</xmax>
			<ymax>397</ymax>
		</bndbox>
	</object>
</annotation>
