<annotation>
	<folder>images</folder>
	<filename>893.jpg</filename>
	<path>C:\Users\tnk05\OneDrive\camera\images\images\893.jpg</path>
	<source>
		<database>Unknown</database>
	</source>
	<size>
		<width>640</width>
		<height>480</height>
		<depth>3</depth>
	</size>
	<segmented>0</segmented>
	<object>
		<name>Yuzu</name>
		<pose>Unspecified</pose>
		<truncated>0</truncated>
		<difficult>0</difficult>
		<bndbox>
			<xmin>160</xmin>
			<ymin>66</ymin>
			<xmax>281</xmax>
			<ymax>194</ymax>
		</bndbox>
	</object>
	<object>
		<name>Ebi</name>
		<pose>Unspecified</pose>
		<truncated>0</truncated>
		<difficult>0</difficult>
		<bndbox>
			<xmin>229</xmin>
			<ymin>186</ymin>
			<xmax>364</xmax>
			<ymax>293</ymax>
		</bndbox>
	</object>
	<object>
		<name>Nori</name>
		<pose>Unspecified</pose>
		<truncated>0</truncated>
		<difficult>0</difficult>
		<bndbox>
			<xmin>23</xmin>
			<ymin>110</ymin>
			<xmax>151</xmax>
			<ymax>245</ymax>
		</bndbox>
	</object>
</annotation>
