<annotation>
	<folder>images</folder>
	<filename>895.jpg</filename>
	<path>C:\Users\tnk05\OneDrive\camera\images\images\895.jpg</path>
	<source>
		<database>Unknown</database>
	</source>
	<size>
		<width>640</width>
		<height>480</height>
		<depth>3</depth>
	</size>
	<segmented>0</segmented>
	<object>
		<name>Yuzu</name>
		<pose>Unspecified</pose>
		<truncated>0</truncated>
		<difficult>0</difficult>
		<bndbox>
			<xmin>44</xmin>
			<ymin>35</ymin>
			<xmax>186</xmax>
			<ymax>154</ymax>
		</bndbox>
	</object>
	<object>
		<name>Ebi</name>
		<pose>Unspecified</pose>
		<truncated>0</truncated>
		<difficult>0</difficult>
		<bndbox>
			<xmin>140</xmin>
			<ymin>164</ymin>
			<xmax>259</xmax>
			<ymax>255</ymax>
		</bndbox>
	</object>
</annotation>
