<annotation>
	<folder>images</folder>
	<filename>897.jpg</filename>
	<path>C:\Users\tnk05\OneDrive\camera\images\images\897.jpg</path>
	<source>
		<database>Unknown</database>
	</source>
	<size>
		<width>640</width>
		<height>480</height>
		<depth>3</depth>
	</size>
	<segmented>0</segmented>
	<object>
		<name>Yuzu</name>
		<pose>Unspecified</pose>
		<truncated>1</truncated>
		<difficult>0</difficult>
		<bndbox>
			<xmin>174</xmin>
			<ymin>1</ymin>
			<xmax>367</xmax>
			<ymax>187</ymax>
		</bndbox>
	</object>
	<object>
		<name>Nori</name>
		<pose>Unspecified</pose>
		<truncated>0</truncated>
		<difficult>0</difficult>
		<bndbox>
			<xmin>30</xmin>
			<ymin>194</ymin>
			<xmax>283</xmax>
			<ymax>431</ymax>
		</bndbox>
	</object>
</annotation>
