<annotation>
	<folder>images</folder>
	<filename>898.jpg</filename>
	<path>C:\Users\tnk05\OneDrive\camera\images\images\898.jpg</path>
	<source>
		<database>Unknown</database>
	</source>
	<size>
		<width>640</width>
		<height>480</height>
		<depth>3</depth>
	</size>
	<segmented>0</segmented>
	<object>
		<name>Yuzu</name>
		<pose>Unspecified</pose>
		<truncated>0</truncated>
		<difficult>0</difficult>
		<bndbox>
			<xmin>196</xmin>
			<ymin>191</ymin>
			<xmax>344</xmax>
			<ymax>298</ymax>
		</bndbox>
	</object>
	<object>
		<name>Nori</name>
		<pose>Unspecified</pose>
		<truncated>0</truncated>
		<difficult>0</difficult>
		<bndbox>
			<xmin>124</xmin>
			<ymin>321</ymin>
			<xmax>296</xmax>
			<ymax>465</ymax>
		</bndbox>
	</object>
</annotation>
