<annotation>
	<folder>images</folder>
	<filename>899.jpg</filename>
	<path>C:\Users\tnk05\OneDrive\camera\images\images\899.jpg</path>
	<source>
		<database>Unknown</database>
	</source>
	<size>
		<width>640</width>
		<height>480</height>
		<depth>3</depth>
	</size>
	<segmented>0</segmented>
	<object>
		<name>Yuzu</name>
		<pose>Unspecified</pose>
		<truncated>0</truncated>
		<difficult>0</difficult>
		<bndbox>
			<xmin>238</xmin>
			<ymin>234</ymin>
			<xmax>351</xmax>
			<ymax>342</ymax>
		</bndbox>
	</object>
	<object>
		<name>Nori</name>
		<pose>Unspecified</pose>
		<truncated>0</truncated>
		<difficult>0</difficult>
		<bndbox>
			<xmin>152</xmin>
			<ymin>347</ymin>
			<xmax>283</xmax>
			<ymax>459</ymax>
		</bndbox>
	</object>
</annotation>
