<annotation>
	<folder>images</folder>
	<filename>900.jpg</filename>
	<path>C:\Users\tnk05\OneDrive\camera\images\images\900.jpg</path>
	<source>
		<database>Unknown</database>
	</source>
	<size>
		<width>640</width>
		<height>480</height>
		<depth>3</depth>
	</size>
	<segmented>0</segmented>
	<object>
		<name>Yuzu</name>
		<pose>Unspecified</pose>
		<truncated>0</truncated>
		<difficult>0</difficult>
		<bndbox>
			<xmin>156</xmin>
			<ymin>220</ymin>
			<xmax>303</xmax>
			<ymax>353</ymax>
		</bndbox>
	</object>
	<object>
		<name>Nori</name>
		<pose>Unspecified</pose>
		<truncated>1</truncated>
		<difficult>0</difficult>
		<bndbox>
			<xmin>134</xmin>
			<ymin>372</ymin>
			<xmax>354</xmax>
			<ymax>480</ymax>
		</bndbox>
	</object>
</annotation>
