<annotation>
	<folder>images</folder>
	<filename>902.jpg</filename>
	<path>C:\Users\tnk05\OneDrive\camera\images\images\902.jpg</path>
	<source>
		<database>Unknown</database>
	</source>
	<size>
		<width>640</width>
		<height>480</height>
		<depth>3</depth>
	</size>
	<segmented>0</segmented>
	<object>
		<name>Yuzu</name>
		<pose>Unspecified</pose>
		<truncated>0</truncated>
		<difficult>0</difficult>
		<bndbox>
			<xmin>297</xmin>
			<ymin>94</ymin>
			<xmax>609</xmax>
			<ymax>449</ymax>
		</bndbox>
	</object>
</annotation>
