<annotation>
	<folder>images</folder>
	<filename>904.jpg</filename>
	<path>C:\Users\tnk05\OneDrive\camera\images\images\904.jpg</path>
	<source>
		<database>Unknown</database>
	</source>
	<size>
		<width>640</width>
		<height>480</height>
		<depth>3</depth>
	</size>
	<segmented>0</segmented>
	<object>
		<name>Yuzu</name>
		<pose>Unspecified</pose>
		<truncated>0</truncated>
		<difficult>0</difficult>
		<bndbox>
			<xmin>234</xmin>
			<ymin>65</ymin>
			<xmax>357</xmax>
			<ymax>196</ymax>
		</bndbox>
	</object>
	<object>
		<name>Ebi</name>
		<pose>Unspecified</pose>
		<truncated>0</truncated>
		<difficult>0</difficult>
		<bndbox>
			<xmin>261</xmin>
			<ymin>352</ymin>
			<xmax>412</xmax>
			<ymax>463</ymax>
		</bndbox>
	</object>
	<object>
		<name>Nori</name>
		<pose>Unspecified</pose>
		<truncated>0</truncated>
		<difficult>0</difficult>
		<bndbox>
			<xmin>195</xmin>
			<ymin>210</ymin>
			<xmax>353</xmax>
			<ymax>356</ymax>
		</bndbox>
	</object>
</annotation>
