<annotation>
	<folder>images</folder>
	<filename>905.jpg</filename>
	<path>C:\Users\tnk05\OneDrive\camera\images\images\905.jpg</path>
	<source>
		<database>Unknown</database>
	</source>
	<size>
		<width>640</width>
		<height>480</height>
		<depth>3</depth>
	</size>
	<segmented>0</segmented>
	<object>
		<name>Yuzu</name>
		<pose>Unspecified</pose>
		<truncated>0</truncated>
		<difficult>0</difficult>
		<bndbox>
			<xmin>277</xmin>
			<ymin>33</ymin>
			<xmax>446</xmax>
			<ymax>225</ymax>
		</bndbox>
	</object>
	<object>
		<name>Ebi</name>
		<pose>Unspecified</pose>
		<truncated>0</truncated>
		<difficult>0</difficult>
		<bndbox>
			<xmin>238</xmin>
			<ymin>233</ymin>
			<xmax>450</xmax>
			<ymax>419</ymax>
		</bndbox>
	</object>
	<object>
		<name>Nori</name>
		<pose>Unspecified</pose>
		<truncated>0</truncated>
		<difficult>0</difficult>
		<bndbox>
			<xmin>452</xmin>
			<ymin>109</ymin>
			<xmax>633</xmax>
			<ymax>298</ymax>
		</bndbox>
	</object>
</annotation>
