<annotation>
	<folder>images</folder>
	<filename>908.jpg</filename>
	<path>C:\Users\tnk05\OneDrive\camera\images\images\908.jpg</path>
	<source>
		<database>Unknown</database>
	</source>
	<size>
		<width>640</width>
		<height>480</height>
		<depth>3</depth>
	</size>
	<segmented>0</segmented>
	<object>
		<name>Yuzu</name>
		<pose>Unspecified</pose>
		<truncated>0</truncated>
		<difficult>0</difficult>
		<bndbox>
			<xmin>256</xmin>
			<ymin>144</ymin>
			<xmax>394</xmax>
			<ymax>305</ymax>
		</bndbox>
	</object>
	<object>
		<name>Ebi</name>
		<pose>Unspecified</pose>
		<truncated>0</truncated>
		<difficult>0</difficult>
		<bndbox>
			<xmin>191</xmin>
			<ymin>303</ymin>
			<xmax>379</xmax>
			<ymax>467</ymax>
		</bndbox>
	</object>
	<object>
		<name>Nori</name>
		<pose>Unspecified</pose>
		<truncated>0</truncated>
		<difficult>0</difficult>
		<bndbox>
			<xmin>391</xmin>
			<ymin>239</ymin>
			<xmax>551</xmax>
			<ymax>389</ymax>
		</bndbox>
	</object>
</annotation>
