<annotation>
	<folder>images</folder>
	<filename>909.jpg</filename>
	<path>C:\Users\tnk05\OneDrive\camera\images\images\909.jpg</path>
	<source>
		<database>Unknown</database>
	</source>
	<size>
		<width>640</width>
		<height>480</height>
		<depth>3</depth>
	</size>
	<segmented>0</segmented>
	<object>
		<name>Yuzu</name>
		<pose>Unspecified</pose>
		<truncated>0</truncated>
		<difficult>0</difficult>
		<bndbox>
			<xmin>230</xmin>
			<ymin>60</ymin>
			<xmax>523</xmax>
			<ymax>364</ymax>
		</bndbox>
	</object>
	<object>
		<name>Nori</name>
		<pose>Unspecified</pose>
		<truncated>1</truncated>
		<difficult>0</difficult>
		<bndbox>
			<xmin>506</xmin>
			<ymin>224</ymin>
			<xmax>640</xmax>
			<ymax>447</ymax>
		</bndbox>
	</object>
</annotation>
