<annotation>
	<folder>images</folder>
	<filename>911.jpg</filename>
	<path>C:\Users\tnk05\OneDrive\camera\images\images\911.jpg</path>
	<source>
		<database>Unknown</database>
	</source>
	<size>
		<width>640</width>
		<height>480</height>
		<depth>3</depth>
	</size>
	<segmented>0</segmented>
	<object>
		<name>Yuzu</name>
		<pose>Unspecified</pose>
		<truncated>0</truncated>
		<difficult>0</difficult>
		<bndbox>
			<xmin>183</xmin>
			<ymin>192</ymin>
			<xmax>301</xmax>
			<ymax>294</ymax>
		</bndbox>
	</object>
	<object>
		<name>Ebi</name>
		<pose>Unspecified</pose>
		<truncated>0</truncated>
		<difficult>0</difficult>
		<bndbox>
			<xmin>130</xmin>
			<ymin>303</ymin>
			<xmax>276</xmax>
			<ymax>421</ymax>
		</bndbox>
	</object>
	<object>
		<name>Nori</name>
		<pose>Unspecified</pose>
		<truncated>0</truncated>
		<difficult>0</difficult>
		<bndbox>
			<xmin>283</xmin>
			<ymin>255</ymin>
			<xmax>395</xmax>
			<ymax>365</ymax>
		</bndbox>
	</object>
</annotation>
