<annotation>
	<folder>images</folder>
	<filename>915.jpg</filename>
	<path>C:\Users\tnk05\OneDrive\camera\images\images\915.jpg</path>
	<source>
		<database>Unknown</database>
	</source>
	<size>
		<width>640</width>
		<height>480</height>
		<depth>3</depth>
	</size>
	<segmented>0</segmented>
	<object>
		<name>Yuzu</name>
		<pose>Unspecified</pose>
		<truncated>0</truncated>
		<difficult>0</difficult>
		<bndbox>
			<xmin>63</xmin>
			<ymin>69</ymin>
			<xmax>237</xmax>
			<ymax>257</ymax>
		</bndbox>
	</object>
	<object>
		<name>Ebi</name>
		<pose>Unspecified</pose>
		<truncated>0</truncated>
		<difficult>0</difficult>
		<bndbox>
			<xmin>61</xmin>
			<ymin>292</ymin>
			<xmax>289</xmax>
			<ymax>452</ymax>
		</bndbox>
	</object>
	<object>
		<name>Nori</name>
		<pose>Unspecified</pose>
		<truncated>0</truncated>
		<difficult>0</difficult>
		<bndbox>
			<xmin>209</xmin>
			<ymin>54</ymin>
			<xmax>436</xmax>
			<ymax>286</ymax>
		</bndbox>
	</object>
</annotation>
