<annotation>
	<folder>images</folder>
	<filename>922.jpg</filename>
	<path>C:\Users\tnk05\OneDrive\camera\images\images\922.jpg</path>
	<source>
		<database>Unknown</database>
	</source>
	<size>
		<width>640</width>
		<height>480</height>
		<depth>3</depth>
	</size>
	<segmented>0</segmented>
	<object>
		<name>Yuzu</name>
		<pose>Unspecified</pose>
		<truncated>1</truncated>
		<difficult>0</difficult>
		<bndbox>
			<xmin>428</xmin>
			<ymin>335</ymin>
			<xmax>628</xmax>
			<ymax>480</ymax>
		</bndbox>
	</object>
	<object>
		<name>Nori</name>
		<pose>Unspecified</pose>
		<truncated>1</truncated>
		<difficult>0</difficult>
		<bndbox>
			<xmin>493</xmin>
			<ymin>178</ymin>
			<xmax>640</xmax>
			<ymax>344</ymax>
		</bndbox>
	</object>
</annotation>
