<annotation>
	<folder>images</folder>
	<filename>923.jpg</filename>
	<path>C:\Users\tnk05\OneDrive\camera\images\images\923.jpg</path>
	<source>
		<database>Unknown</database>
	</source>
	<size>
		<width>640</width>
		<height>480</height>
		<depth>3</depth>
	</size>
	<segmented>0</segmented>
	<object>
		<name>Yuzu</name>
		<pose>Unspecified</pose>
		<truncated>0</truncated>
		<difficult>0</difficult>
		<bndbox>
			<xmin>307</xmin>
			<ymin>221</ymin>
			<xmax>511</xmax>
			<ymax>424</ymax>
		</bndbox>
	</object>
	<object>
		<name>Nori</name>
		<pose>Unspecified</pose>
		<truncated>0</truncated>
		<difficult>0</difficult>
		<bndbox>
			<xmin>51</xmin>
			<ymin>44</ymin>
			<xmax>308</xmax>
			<ymax>274</ymax>
		</bndbox>
	</object>
</annotation>
