<annotation>
	<folder>images</folder>
	<filename>926.jpg</filename>
	<path>C:\Users\tnk05\OneDrive\camera\images\images\926.jpg</path>
	<source>
		<database>Unknown</database>
	</source>
	<size>
		<width>640</width>
		<height>480</height>
		<depth>3</depth>
	</size>
	<segmented>0</segmented>
	<object>
		<name>Yuzu</name>
		<pose>Unspecified</pose>
		<truncated>1</truncated>
		<difficult>0</difficult>
		<bndbox>
			<xmin>1</xmin>
			<ymin>23</ymin>
			<xmax>310</xmax>
			<ymax>284</ymax>
		</bndbox>
	</object>
	<object>
		<name>Ebi</name>
		<pose>Unspecified</pose>
		<truncated>0</truncated>
		<difficult>0</difficult>
		<bndbox>
			<xmin>257</xmin>
			<ymin>48</ymin>
			<xmax>581</xmax>
			<ymax>422</ymax>
		</bndbox>
	</object>
</annotation>
