<annotation>
	<folder>images</folder>
	<filename>928.jpg</filename>
	<path>C:\Users\tnk05\OneDrive\camera\images\images\928.jpg</path>
	<source>
		<database>Unknown</database>
	</source>
	<size>
		<width>640</width>
		<height>480</height>
		<depth>3</depth>
	</size>
	<segmented>0</segmented>
	<object>
		<name>Yuzu</name>
		<pose>Unspecified</pose>
		<truncated>1</truncated>
		<difficult>0</difficult>
		<bndbox>
			<xmin>1</xmin>
			<ymin>125</ymin>
			<xmax>270</xmax>
			<ymax>325</ymax>
		</bndbox>
	</object>
	<object>
		<name>Ebi</name>
		<pose>Unspecified</pose>
		<truncated>0</truncated>
		<difficult>0</difficult>
		<bndbox>
			<xmin>206</xmin>
			<ymin>180</ymin>
			<xmax>443</xmax>
			<ymax>454</ymax>
		</bndbox>
	</object>
</annotation>
