<annotation>
	<folder>images</folder>
	<filename>932.jpg</filename>
	<path>C:\Users\tnk05\OneDrive\camera\images\images\932.jpg</path>
	<source>
		<database>Unknown</database>
	</source>
	<size>
		<width>640</width>
		<height>480</height>
		<depth>3</depth>
	</size>
	<segmented>0</segmented>
	<object>
		<name>Ebi</name>
		<pose>Unspecified</pose>
		<truncated>0</truncated>
		<difficult>0</difficult>
		<bndbox>
			<xmin>154</xmin>
			<ymin>152</ymin>
			<xmax>424</xmax>
			<ymax>405</ymax>
		</bndbox>
	</object>
	<object>
		<name>Nori</name>
		<pose>Unspecified</pose>
		<truncated>1</truncated>
		<difficult>0</difficult>
		<bndbox>
			<xmin>1</xmin>
			<ymin>153</ymin>
			<xmax>119</xmax>
			<ymax>415</ymax>
		</bndbox>
	</object>
</annotation>
