<annotation>
	<folder>images</folder>
	<filename>933.jpg</filename>
	<path>C:\Users\tnk05\OneDrive\camera\images\images\933.jpg</path>
	<source>
		<database>Unknown</database>
	</source>
	<size>
		<width>640</width>
		<height>480</height>
		<depth>3</depth>
	</size>
	<segmented>0</segmented>
	<object>
		<name>Ebi</name>
		<pose>Unspecified</pose>
		<truncated>0</truncated>
		<difficult>0</difficult>
		<bndbox>
			<xmin>96</xmin>
			<ymin>190</ymin>
			<xmax>400</xmax>
			<ymax>460</ymax>
		</bndbox>
	</object>
	<object>
		<name>Nori</name>
		<pose>Unspecified</pose>
		<truncated>1</truncated>
		<difficult>0</difficult>
		<bndbox>
			<xmin>1</xmin>
			<ymin>235</ymin>
			<xmax>68</xmax>
			<ymax>448</ymax>
		</bndbox>
	</object>
</annotation>
