<annotation>
	<folder>images</folder>
	<filename>936.jpg</filename>
	<path>C:\Users\tnk05\OneDrive\camera\images\images\936.jpg</path>
	<source>
		<database>Unknown</database>
	</source>
	<size>
		<width>640</width>
		<height>480</height>
		<depth>3</depth>
	</size>
	<segmented>0</segmented>
	<object>
		<name>Ebi</name>
		<pose>Unspecified</pose>
		<truncated>1</truncated>
		<difficult>0</difficult>
		<bndbox>
			<xmin>1</xmin>
			<ymin>189</ymin>
			<xmax>71</xmax>
			<ymax>411</ymax>
		</bndbox>
	</object>
	<object>
		<name>Nori</name>
		<pose>Unspecified</pose>
		<truncated>0</truncated>
		<difficult>0</difficult>
		<bndbox>
			<xmin>60</xmin>
			<ymin>172</ymin>
			<xmax>352</xmax>
			<ymax>401</ymax>
		</bndbox>
	</object>
</annotation>
