<annotation>
	<folder>images</folder>
	<filename>937.jpg</filename>
	<path>C:\Users\tnk05\OneDrive\camera\images\images\937.jpg</path>
	<source>
		<database>Unknown</database>
	</source>
	<size>
		<width>640</width>
		<height>480</height>
		<depth>3</depth>
	</size>
	<segmented>0</segmented>
	<object>
		<name>Yuzu</name>
		<pose>Unspecified</pose>
		<truncated>0</truncated>
		<difficult>0</difficult>
		<bndbox>
			<xmin>67</xmin>
			<ymin>241</ymin>
			<xmax>246</xmax>
			<ymax>383</ymax>
		</bndbox>
	</object>
	<object>
		<name>Ebi</name>
		<pose>Unspecified</pose>
		<truncated>0</truncated>
		<difficult>0</difficult>
		<bndbox>
			<xmin>150</xmin>
			<ymin>140</ymin>
			<xmax>317</xmax>
			<ymax>251</ymax>
		</bndbox>
	</object>
	<object>
		<name>Nori</name>
		<pose>Unspecified</pose>
		<truncated>0</truncated>
		<difficult>0</difficult>
		<bndbox>
			<xmin>288</xmin>
			<ymin>175</ymin>
			<xmax>446</xmax>
			<ymax>286</ymax>
		</bndbox>
	</object>
</annotation>
