<annotation>
	<folder>images</folder>
	<filename>940.jpg</filename>
	<path>C:\Users\tnk05\OneDrive\camera\images\images\940.jpg</path>
	<source>
		<database>Unknown</database>
	</source>
	<size>
		<width>640</width>
		<height>480</height>
		<depth>3</depth>
	</size>
	<segmented>0</segmented>
	<object>
		<name>Yuzu</name>
		<pose>Unspecified</pose>
		<truncated>1</truncated>
		<difficult>0</difficult>
		<bndbox>
			<xmin>350</xmin>
			<ymin>1</ymin>
			<xmax>614</xmax>
			<ymax>131</ymax>
		</bndbox>
	</object>
	<object>
		<name>Nori</name>
		<pose>Unspecified</pose>
		<truncated>0</truncated>
		<difficult>0</difficult>
		<bndbox>
			<xmin>72</xmin>
			<ymin>139</ymin>
			<xmax>315</xmax>
			<ymax>387</ymax>
		</bndbox>
	</object>
</annotation>
