<annotation>
	<folder>images</folder>
	<filename>943.jpg</filename>
	<path>C:\Users\tnk05\OneDrive\camera\images\images\943.jpg</path>
	<source>
		<database>Unknown</database>
	</source>
	<size>
		<width>640</width>
		<height>480</height>
		<depth>3</depth>
	</size>
	<segmented>0</segmented>
	<object>
		<name>Ebi</name>
		<pose>Unspecified</pose>
		<truncated>1</truncated>
		<difficult>0</difficult>
		<bndbox>
			<xmin>1</xmin>
			<ymin>275</ymin>
			<xmax>168</xmax>
			<ymax>480</ymax>
		</bndbox>
	</object>
	<object>
		<name>Nori</name>
		<pose>Unspecified</pose>
		<truncated>0</truncated>
		<difficult>0</difficult>
		<bndbox>
			<xmin>251</xmin>
			<ymin>236</ymin>
			<xmax>591</xmax>
			<ymax>478</ymax>
		</bndbox>
	</object>
</annotation>
