<annotation>
	<folder>images</folder>
	<filename>945.jpg</filename>
	<path>C:\Users\tnk05\OneDrive\camera\images\images\945.jpg</path>
	<source>
		<database>Unknown</database>
	</source>
	<size>
		<width>640</width>
		<height>480</height>
		<depth>3</depth>
	</size>
	<segmented>0</segmented>
	<object>
		<name>Yuzu</name>
		<pose>Unspecified</pose>
		<truncated>0</truncated>
		<difficult>0</difficult>
		<bndbox>
			<xmin>294</xmin>
			<ymin>41</ymin>
			<xmax>507</xmax>
			<ymax>205</ymax>
		</bndbox>
	</object>
	<object>
		<name>Ebi</name>
		<pose>Unspecified</pose>
		<truncated>0</truncated>
		<difficult>0</difficult>
		<bndbox>
			<xmin>104</xmin>
			<ymin>90</ymin>
			<xmax>224</xmax>
			<ymax>237</ymax>
		</bndbox>
	</object>
	<object>
		<name>Nori</name>
		<pose>Unspecified</pose>
		<truncated>0</truncated>
		<difficult>0</difficult>
		<bndbox>
			<xmin>180</xmin>
			<ymin>244</ymin>
			<xmax>331</xmax>
			<ymax>405</ymax>
		</bndbox>
	</object>
</annotation>
