<annotation>
	<folder>images</folder>
	<filename>946.jpg</filename>
	<path>C:\Users\tnk05\OneDrive\camera\images\images\946.jpg</path>
	<source>
		<database>Unknown</database>
	</source>
	<size>
		<width>640</width>
		<height>480</height>
		<depth>3</depth>
	</size>
	<segmented>0</segmented>
	<object>
		<name>Ebi</name>
		<pose>Unspecified</pose>
		<truncated>0</truncated>
		<difficult>0</difficult>
		<bndbox>
			<xmin>184</xmin>
			<ymin>66</ymin>
			<xmax>285</xmax>
			<ymax>173</ymax>
		</bndbox>
	</object>
	<object>
		<name>Nori</name>
		<pose>Unspecified</pose>
		<truncated>0</truncated>
		<difficult>0</difficult>
		<bndbox>
			<xmin>263</xmin>
			<ymin>161</ymin>
			<xmax>385</xmax>
			<ymax>277</ymax>
		</bndbox>
	</object>
</annotation>
