<annotation>
	<folder>images</folder>
	<filename>947.jpg</filename>
	<path>C:\Users\tnk05\OneDrive\camera\images\images\947.jpg</path>
	<source>
		<database>Unknown</database>
	</source>
	<size>
		<width>640</width>
		<height>480</height>
		<depth>3</depth>
	</size>
	<segmented>0</segmented>
	<object>
		<name>Yuzu</name>
		<pose>Unspecified</pose>
		<truncated>0</truncated>
		<difficult>0</difficult>
		<bndbox>
			<xmin>300</xmin>
			<ymin>233</ymin>
			<xmax>452</xmax>
			<ymax>350</ymax>
		</bndbox>
	</object>
	<object>
		<name>Ebi</name>
		<pose>Unspecified</pose>
		<truncated>0</truncated>
		<difficult>0</difficult>
		<bndbox>
			<xmin>287</xmin>
			<ymin>117</ymin>
			<xmax>409</xmax>
			<ymax>231</ymax>
		</bndbox>
	</object>
	<object>
		<name>Nori</name>
		<pose>Unspecified</pose>
		<truncated>0</truncated>
		<difficult>0</difficult>
		<bndbox>
			<xmin>182</xmin>
			<ymin>217</ymin>
			<xmax>302</xmax>
			<ymax>355</ymax>
		</bndbox>
	</object>
</annotation>
