<annotation>
	<folder>images</folder>
	<filename>948.jpg</filename>
	<path>C:\Users\tnk05\OneDrive\camera\images\images\948.jpg</path>
	<source>
		<database>Unknown</database>
	</source>
	<size>
		<width>640</width>
		<height>480</height>
		<depth>3</depth>
	</size>
	<segmented>0</segmented>
	<object>
		<name>Yuzu</name>
		<pose>Unspecified</pose>
		<truncated>0</truncated>
		<difficult>0</difficult>
		<bndbox>
			<xmin>319</xmin>
			<ymin>177</ymin>
			<xmax>463</xmax>
			<ymax>294</ymax>
		</bndbox>
	</object>
	<object>
		<name>Ebi</name>
		<pose>Unspecified</pose>
		<truncated>0</truncated>
		<difficult>0</difficult>
		<bndbox>
			<xmin>280</xmin>
			<ymin>69</ymin>
			<xmax>397</xmax>
			<ymax>184</ymax>
		</bndbox>
	</object>
	<object>
		<name>Nori</name>
		<pose>Unspecified</pose>
		<truncated>0</truncated>
		<difficult>0</difficult>
		<bndbox>
			<xmin>190</xmin>
			<ymin>203</ymin>
			<xmax>310</xmax>
			<ymax>321</ymax>
		</bndbox>
	</object>
</annotation>
