<annotation>
	<folder>images</folder>
	<filename>949.jpg</filename>
	<path>C:\Users\tnk05\OneDrive\camera\images\images\949.jpg</path>
	<source>
		<database>Unknown</database>
	</source>
	<size>
		<width>640</width>
		<height>480</height>
		<depth>3</depth>
	</size>
	<segmented>0</segmented>
	<object>
		<name>Ebi</name>
		<pose>Unspecified</pose>
		<truncated>0</truncated>
		<difficult>0</difficult>
		<bndbox>
			<xmin>193</xmin>
			<ymin>117</ymin>
			<xmax>337</xmax>
			<ymax>248</ymax>
		</bndbox>
	</object>
	<object>
		<name>Nori</name>
		<pose>Unspecified</pose>
		<truncated>0</truncated>
		<difficult>0</difficult>
		<bndbox>
			<xmin>82</xmin>
			<ymin>244</ymin>
			<xmax>211</xmax>
			<ymax>397</ymax>
		</bndbox>
	</object>
</annotation>
