<annotation>
	<folder>images</folder>
	<filename>950.jpg</filename>
	<path>C:\Users\tnk05\OneDrive\camera\images\images\950.jpg</path>
	<source>
		<database>Unknown</database>
	</source>
	<size>
		<width>640</width>
		<height>480</height>
		<depth>3</depth>
	</size>
	<segmented>0</segmented>
	<object>
		<name>Yuzu</name>
		<pose>Unspecified</pose>
		<truncated>0</truncated>
		<difficult>0</difficult>
		<bndbox>
			<xmin>307</xmin>
			<ymin>115</ymin>
			<xmax>449</xmax>
			<ymax>245</ymax>
		</bndbox>
	</object>
	<object>
		<name>Ebi</name>
		<pose>Unspecified</pose>
		<truncated>1</truncated>
		<difficult>0</difficult>
		<bndbox>
			<xmin>272</xmin>
			<ymin>1</ymin>
			<xmax>406</xmax>
			<ymax>113</ymax>
		</bndbox>
	</object>
	<object>
		<name>Nori</name>
		<pose>Unspecified</pose>
		<truncated>0</truncated>
		<difficult>0</difficult>
		<bndbox>
			<xmin>178</xmin>
			<ymin>112</ymin>
			<xmax>290</xmax>
			<ymax>249</ymax>
		</bndbox>
	</object>
</annotation>
