<annotation>
	<folder>images</folder>
	<filename>951.jpg</filename>
	<path>C:\Users\tnk05\OneDrive\camera\images\images\951.jpg</path>
	<source>
		<database>Unknown</database>
	</source>
	<size>
		<width>640</width>
		<height>480</height>
		<depth>3</depth>
	</size>
	<segmented>0</segmented>
	<object>
		<name>Ebi</name>
		<pose>Unspecified</pose>
		<truncated>0</truncated>
		<difficult>0</difficult>
		<bndbox>
			<xmin>146</xmin>
			<ymin>213</ymin>
			<xmax>292</xmax>
			<ymax>339</ymax>
		</bndbox>
	</object>
	<object>
		<name>Nori</name>
		<pose>Unspecified</pose>
		<truncated>0</truncated>
		<difficult>0</difficult>
		<bndbox>
			<xmin>246</xmin>
			<ymin>297</ymin>
			<xmax>399</xmax>
			<ymax>448</ymax>
		</bndbox>
	</object>
</annotation>
