<annotation>
	<folder>images</folder>
	<filename>955.jpg</filename>
	<path>C:\Users\tnk05\OneDrive\camera\images\images\955.jpg</path>
	<source>
		<database>Unknown</database>
	</source>
	<size>
		<width>640</width>
		<height>480</height>
		<depth>3</depth>
	</size>
	<segmented>0</segmented>
	<object>
		<name>Yuzu</name>
		<pose>Unspecified</pose>
		<truncated>0</truncated>
		<difficult>0</difficult>
		<bndbox>
			<xmin>158</xmin>
			<ymin>167</ymin>
			<xmax>413</xmax>
			<ymax>367</ymax>
		</bndbox>
	</object>
	<object>
		<name>Nori</name>
		<pose>Unspecified</pose>
		<truncated>1</truncated>
		<difficult>0</difficult>
		<bndbox>
			<xmin>321</xmin>
			<ymin>1</ymin>
			<xmax>624</xmax>
			<ymax>194</ymax>
		</bndbox>
	</object>
</annotation>
