<annotation>
	<folder>images</folder>
	<filename>957.jpg</filename>
	<path>C:\Users\tnk05\OneDrive\camera\images\images\957.jpg</path>
	<source>
		<database>Unknown</database>
	</source>
	<size>
		<width>640</width>
		<height>480</height>
		<depth>3</depth>
	</size>
	<segmented>0</segmented>
	<object>
		<name>Yuzu</name>
		<pose>Unspecified</pose>
		<truncated>0</truncated>
		<difficult>0</difficult>
		<bndbox>
			<xmin>89</xmin>
			<ymin>108</ymin>
			<xmax>346</xmax>
			<ymax>333</ymax>
		</bndbox>
	</object>
	<object>
		<name>Nori</name>
		<pose>Unspecified</pose>
		<truncated>1</truncated>
		<difficult>0</difficult>
		<bndbox>
			<xmin>315</xmin>
			<ymin>1</ymin>
			<xmax>570</xmax>
			<ymax>184</ymax>
		</bndbox>
	</object>
</annotation>
