<annotation>
	<folder>images</folder>
	<filename>959.jpg</filename>
	<path>C:\Users\tnk05\OneDrive\camera\images\images\959.jpg</path>
	<source>
		<database>Unknown</database>
	</source>
	<size>
		<width>640</width>
		<height>480</height>
		<depth>3</depth>
	</size>
	<segmented>0</segmented>
	<object>
		<name>Yuzu</name>
		<pose>Unspecified</pose>
		<truncated>0</truncated>
		<difficult>0</difficult>
		<bndbox>
			<xmin>40</xmin>
			<ymin>147</ymin>
			<xmax>230</xmax>
			<ymax>329</ymax>
		</bndbox>
	</object>
	<object>
		<name>Ebi</name>
		<pose>Unspecified</pose>
		<truncated>1</truncated>
		<difficult>0</difficult>
		<bndbox>
			<xmin>151</xmin>
			<ymin>1</ymin>
			<xmax>307</xmax>
			<ymax>69</ymax>
		</bndbox>
	</object>
	<object>
		<name>Nori</name>
		<pose>Unspecified</pose>
		<truncated>0</truncated>
		<difficult>0</difficult>
		<bndbox>
			<xmin>254</xmin>
			<ymin>18</ymin>
			<xmax>452</xmax>
			<ymax>241</ymax>
		</bndbox>
	</object>
</annotation>
