<annotation>
	<folder>images</folder>
	<filename>960.jpg</filename>
	<path>C:\Users\tnk05\OneDrive\camera\images\images\960.jpg</path>
	<source>
		<database>Unknown</database>
	</source>
	<size>
		<width>640</width>
		<height>480</height>
		<depth>3</depth>
	</size>
	<segmented>0</segmented>
	<object>
		<name>Ebi</name>
		<pose>Unspecified</pose>
		<truncated>0</truncated>
		<difficult>0</difficult>
		<bndbox>
			<xmin>206</xmin>
			<ymin>81</ymin>
			<xmax>496</xmax>
			<ymax>341</ymax>
		</bndbox>
	</object>
	<object>
		<name>Nori</name>
		<pose>Unspecified</pose>
		<truncated>1</truncated>
		<difficult>0</difficult>
		<bndbox>
			<xmin>347</xmin>
			<ymin>310</ymin>
			<xmax>640</xmax>
			<ymax>480</ymax>
		</bndbox>
	</object>
</annotation>
