<annotation>
	<folder>images</folder>
	<filename>961.jpg</filename>
	<path>C:\Users\tnk05\OneDrive\camera\images\images\961.jpg</path>
	<source>
		<database>Unknown</database>
	</source>
	<size>
		<width>640</width>
		<height>480</height>
		<depth>3</depth>
	</size>
	<segmented>0</segmented>
	<object>
		<name>Yuzu</name>
		<pose>Unspecified</pose>
		<truncated>1</truncated>
		<difficult>0</difficult>
		<bndbox>
			<xmin>1</xmin>
			<ymin>201</ymin>
			<xmax>211</xmax>
			<ymax>452</ymax>
		</bndbox>
	</object>
	<object>
		<name>Ebi</name>
		<pose>Unspecified</pose>
		<truncated>1</truncated>
		<difficult>0</difficult>
		<bndbox>
			<xmin>104</xmin>
			<ymin>1</ymin>
			<xmax>319</xmax>
			<ymax>124</ymax>
		</bndbox>
	</object>
	<object>
		<name>Nori</name>
		<pose>Unspecified</pose>
		<truncated>0</truncated>
		<difficult>0</difficult>
		<bndbox>
			<xmin>232</xmin>
			<ymin>44</ymin>
			<xmax>489</xmax>
			<ymax>325</ymax>
		</bndbox>
	</object>
</annotation>
