<annotation>
	<folder>images</folder>
	<filename>962.jpg</filename>
	<path>C:\Users\tnk05\OneDrive\camera\images\images\962.jpg</path>
	<source>
		<database>Unknown</database>
	</source>
	<size>
		<width>640</width>
		<height>480</height>
		<depth>3</depth>
	</size>
	<segmented>0</segmented>
	<object>
		<name>Yuzu</name>
		<pose>Unspecified</pose>
		<truncated>0</truncated>
		<difficult>0</difficult>
		<bndbox>
			<xmin>246</xmin>
			<ymin>140</ymin>
			<xmax>356</xmax>
			<ymax>247</ymax>
		</bndbox>
	</object>
	<object>
		<name>Ebi</name>
		<pose>Unspecified</pose>
		<truncated>0</truncated>
		<difficult>0</difficult>
		<bndbox>
			<xmin>283</xmin>
			<ymin>9</ymin>
			<xmax>384</xmax>
			<ymax>101</ymax>
		</bndbox>
	</object>
	<object>
		<name>Nori</name>
		<pose>Unspecified</pose>
		<truncated>0</truncated>
		<difficult>0</difficult>
		<bndbox>
			<xmin>357</xmin>
			<ymin>60</ymin>
			<xmax>455</xmax>
			<ymax>183</ymax>
		</bndbox>
	</object>
</annotation>
