<annotation>
	<folder>images</folder>
	<filename>963.jpg</filename>
	<path>C:\Users\tnk05\OneDrive\camera\images\images\963.jpg</path>
	<source>
		<database>Unknown</database>
	</source>
	<size>
		<width>640</width>
		<height>480</height>
		<depth>3</depth>
	</size>
	<segmented>0</segmented>
	<object>
		<name>Yuzu</name>
		<pose>Unspecified</pose>
		<truncated>0</truncated>
		<difficult>0</difficult>
		<bndbox>
			<xmin>254</xmin>
			<ymin>138</ymin>
			<xmax>336</xmax>
			<ymax>212</ymax>
		</bndbox>
	</object>
	<object>
		<name>Ebi</name>
		<pose>Unspecified</pose>
		<truncated>0</truncated>
		<difficult>0</difficult>
		<bndbox>
			<xmin>285</xmin>
			<ymin>26</ymin>
			<xmax>368</xmax>
			<ymax>105</ymax>
		</bndbox>
	</object>
	<object>
		<name>Nori</name>
		<pose>Unspecified</pose>
		<truncated>0</truncated>
		<difficult>0</difficult>
		<bndbox>
			<xmin>331</xmin>
			<ymin>75</ymin>
			<xmax>427</xmax>
			<ymax>172</ymax>
		</bndbox>
	</object>
</annotation>
