<annotation>
	<folder>images</folder>
	<filename>964.jpg</filename>
	<path>C:\Users\tnk05\OneDrive\camera\images\images\964.jpg</path>
	<source>
		<database>Unknown</database>
	</source>
	<size>
		<width>640</width>
		<height>480</height>
		<depth>3</depth>
	</size>
	<segmented>0</segmented>
	<object>
		<name>Yuzu</name>
		<pose>Unspecified</pose>
		<truncated>0</truncated>
		<difficult>0</difficult>
		<bndbox>
			<xmin>84</xmin>
			<ymin>155</ymin>
			<xmax>197</xmax>
			<ymax>265</ymax>
		</bndbox>
	</object>
	<object>
		<name>Ebi</name>
		<pose>Unspecified</pose>
		<truncated>0</truncated>
		<difficult>0</difficult>
		<bndbox>
			<xmin>256</xmin>
			<ymin>213</ymin>
			<xmax>372</xmax>
			<ymax>328</ymax>
		</bndbox>
	</object>
	<object>
		<name>Nori</name>
		<pose>Unspecified</pose>
		<truncated>0</truncated>
		<difficult>0</difficult>
		<bndbox>
			<xmin>212</xmin>
			<ymin>92</ymin>
			<xmax>337</xmax>
			<ymax>217</ymax>
		</bndbox>
	</object>
</annotation>
