<annotation>
	<folder>images</folder>
	<filename>965.jpg</filename>
	<path>C:\Users\tnk05\OneDrive\camera\images\images\965.jpg</path>
	<source>
		<database>Unknown</database>
	</source>
	<size>
		<width>640</width>
		<height>480</height>
		<depth>3</depth>
	</size>
	<segmented>0</segmented>
	<object>
		<name>Yuzu</name>
		<pose>Unspecified</pose>
		<truncated>0</truncated>
		<difficult>0</difficult>
		<bndbox>
			<xmin>146</xmin>
			<ymin>130</ymin>
			<xmax>251</xmax>
			<ymax>232</ymax>
		</bndbox>
	</object>
	<object>
		<name>Ebi</name>
		<pose>Unspecified</pose>
		<truncated>0</truncated>
		<difficult>0</difficult>
		<bndbox>
			<xmin>309</xmin>
			<ymin>201</ymin>
			<xmax>416</xmax>
			<ymax>311</ymax>
		</bndbox>
	</object>
	<object>
		<name>Nori</name>
		<pose>Unspecified</pose>
		<truncated>0</truncated>
		<difficult>0</difficult>
		<bndbox>
			<xmin>257</xmin>
			<ymin>90</ymin>
			<xmax>387</xmax>
			<ymax>192</ymax>
		</bndbox>
	</object>
</annotation>
