<annotation>
	<folder>images</folder>
	<filename>966.jpg</filename>
	<path>C:\Users\tnk05\OneDrive\camera\images\images\966.jpg</path>
	<source>
		<database>Unknown</database>
	</source>
	<size>
		<width>640</width>
		<height>480</height>
		<depth>3</depth>
	</size>
	<segmented>0</segmented>
	<object>
		<name>Yuzu</name>
		<pose>Unspecified</pose>
		<truncated>1</truncated>
		<difficult>0</difficult>
		<bndbox>
			<xmin>168</xmin>
			<ymin>383</ymin>
			<xmax>339</xmax>
			<ymax>480</ymax>
		</bndbox>
	</object>
	<object>
		<name>Nori</name>
		<pose>Unspecified</pose>
		<truncated>1</truncated>
		<difficult>0</difficult>
		<bndbox>
			<xmin>380</xmin>
			<ymin>377</ymin>
			<xmax>579</xmax>
			<ymax>480</ymax>
		</bndbox>
	</object>
</annotation>
