<annotation>
	<folder>images</folder>
	<filename>970.jpg</filename>
	<path>C:\Users\tnk05\OneDrive\camera\images\images\970.jpg</path>
	<source>
		<database>Unknown</database>
	</source>
	<size>
		<width>640</width>
		<height>480</height>
		<depth>3</depth>
	</size>
	<segmented>0</segmented>
	<object>
		<name>Yuzu</name>
		<pose>Unspecified</pose>
		<truncated>0</truncated>
		<difficult>0</difficult>
		<bndbox>
			<xmin>108</xmin>
			<ymin>271</ymin>
			<xmax>255</xmax>
			<ymax>386</ymax>
		</bndbox>
	</object>
	<object>
		<name>Ebi</name>
		<pose>Unspecified</pose>
		<truncated>0</truncated>
		<difficult>0</difficult>
		<bndbox>
			<xmin>334</xmin>
			<ymin>239</ymin>
			<xmax>440</xmax>
			<ymax>366</ymax>
		</bndbox>
	</object>
	<object>
		<name>Nori</name>
		<pose>Unspecified</pose>
		<truncated>0</truncated>
		<difficult>0</difficult>
		<bndbox>
			<xmin>212</xmin>
			<ymin>156</ymin>
			<xmax>350</xmax>
			<ymax>271</ymax>
		</bndbox>
	</object>
</annotation>
