<annotation>
	<folder>images</folder>
	<filename>971.jpg</filename>
	<path>C:\Users\tnk05\OneDrive\camera\images\images\971.jpg</path>
	<source>
		<database>Unknown</database>
	</source>
	<size>
		<width>640</width>
		<height>480</height>
		<depth>3</depth>
	</size>
	<segmented>0</segmented>
	<object>
		<name>Yuzu</name>
		<pose>Unspecified</pose>
		<truncated>0</truncated>
		<difficult>0</difficult>
		<bndbox>
			<xmin>142</xmin>
			<ymin>164</ymin>
			<xmax>255</xmax>
			<ymax>263</ymax>
		</bndbox>
	</object>
	<object>
		<name>Ebi</name>
		<pose>Unspecified</pose>
		<truncated>0</truncated>
		<difficult>0</difficult>
		<bndbox>
			<xmin>316</xmin>
			<ymin>163</ymin>
			<xmax>409</xmax>
			<ymax>265</ymax>
		</bndbox>
	</object>
	<object>
		<name>Nori</name>
		<pose>Unspecified</pose>
		<truncated>0</truncated>
		<difficult>0</difficult>
		<bndbox>
			<xmin>237</xmin>
			<ymin>74</ymin>
			<xmax>351</xmax>
			<ymax>181</ymax>
		</bndbox>
	</object>
</annotation>
