<annotation>
	<folder>images</folder>
	<filename>974.jpg</filename>
	<path>C:\Users\tnk05\OneDrive\camera\images\images\974.jpg</path>
	<source>
		<database>Unknown</database>
	</source>
	<size>
		<width>640</width>
		<height>480</height>
		<depth>3</depth>
	</size>
	<segmented>0</segmented>
	<object>
		<name>Ebi</name>
		<pose>Unspecified</pose>
		<truncated>1</truncated>
		<difficult>0</difficult>
		<bndbox>
			<xmin>416</xmin>
			<ymin>333</ymin>
			<xmax>555</xmax>
			<ymax>480</ymax>
		</bndbox>
	</object>
	<object>
		<name>Nori</name>
		<pose>Unspecified</pose>
		<truncated>0</truncated>
		<difficult>0</difficult>
		<bndbox>
			<xmin>235</xmin>
			<ymin>271</ymin>
			<xmax>413</xmax>
			<ymax>427</ymax>
		</bndbox>
	</object>
</annotation>
