<annotation>
	<folder>images</folder>
	<filename>975.jpg</filename>
	<path>C:\Users\tnk05\OneDrive\camera\images\images\975.jpg</path>
	<source>
		<database>Unknown</database>
	</source>
	<size>
		<width>640</width>
		<height>480</height>
		<depth>3</depth>
	</size>
	<segmented>0</segmented>
	<object>
		<name>Yuzu</name>
		<pose>Unspecified</pose>
		<truncated>0</truncated>
		<difficult>0</difficult>
		<bndbox>
			<xmin>310</xmin>
			<ymin>202</ymin>
			<xmax>571</xmax>
			<ymax>416</ymax>
		</bndbox>
	</object>
	<object>
		<name>Nori</name>
		<pose>Unspecified</pose>
		<truncated>1</truncated>
		<difficult>0</difficult>
		<bndbox>
			<xmin>446</xmin>
			<ymin>1</ymin>
			<xmax>640</xmax>
			<ymax>172</ymax>
		</bndbox>
	</object>
</annotation>
