<annotation>
	<folder>images</folder>
	<filename>976.jpg</filename>
	<path>C:\Users\tnk05\OneDrive\camera\images\images\976.jpg</path>
	<source>
		<database>Unknown</database>
	</source>
	<size>
		<width>640</width>
		<height>480</height>
		<depth>3</depth>
	</size>
	<segmented>0</segmented>
	<object>
		<name>Yuzu</name>
		<pose>Unspecified</pose>
		<truncated>0</truncated>
		<difficult>0</difficult>
		<bndbox>
			<xmin>74</xmin>
			<ymin>238</ymin>
			<xmax>262</xmax>
			<ymax>420</ymax>
		</bndbox>
	</object>
	<object>
		<name>Ebi</name>
		<pose>Unspecified</pose>
		<truncated>0</truncated>
		<difficult>0</difficult>
		<bndbox>
			<xmin>391</xmin>
			<ymin>277</ymin>
			<xmax>547</xmax>
			<ymax>469</ymax>
		</bndbox>
	</object>
	<object>
		<name>Nori</name>
		<pose>Unspecified</pose>
		<truncated>0</truncated>
		<difficult>0</difficult>
		<bndbox>
			<xmin>244</xmin>
			<ymin>104</ymin>
			<xmax>456</xmax>
			<ymax>284</ymax>
		</bndbox>
	</object>
</annotation>
