<annotation>
	<folder>images</folder>
	<filename>977.jpg</filename>
	<path>C:\Users\tnk05\OneDrive\camera\images\images\977.jpg</path>
	<source>
		<database>Unknown</database>
	</source>
	<size>
		<width>640</width>
		<height>480</height>
		<depth>3</depth>
	</size>
	<segmented>0</segmented>
	<object>
		<name>Yuzu</name>
		<pose>Unspecified</pose>
		<truncated>0</truncated>
		<difficult>0</difficult>
		<bndbox>
			<xmin>264</xmin>
			<ymin>100</ymin>
			<xmax>419</xmax>
			<ymax>255</ymax>
		</bndbox>
	</object>
	<object>
		<name>Ebi</name>
		<pose>Unspecified</pose>
		<truncated>0</truncated>
		<difficult>0</difficult>
		<bndbox>
			<xmin>423</xmin>
			<ymin>24</ymin>
			<xmax>606</xmax>
			<ymax>181</ymax>
		</bndbox>
	</object>
	<object>
		<name>Nori</name>
		<pose>Unspecified</pose>
		<truncated>0</truncated>
		<difficult>0</difficult>
		<bndbox>
			<xmin>398</xmin>
			<ymin>221</ymin>
			<xmax>611</xmax>
			<ymax>418</ymax>
		</bndbox>
	</object>
</annotation>
