<annotation>
	<folder>images</folder>
	<filename>978.jpg</filename>
	<path>C:\Users\tnk05\OneDrive\camera\images\images\978.jpg</path>
	<source>
		<database>Unknown</database>
	</source>
	<size>
		<width>640</width>
		<height>480</height>
		<depth>3</depth>
	</size>
	<segmented>0</segmented>
	<object>
		<name>Yuzu</name>
		<pose>Unspecified</pose>
		<truncated>0</truncated>
		<difficult>0</difficult>
		<bndbox>
			<xmin>175</xmin>
			<ymin>132</ymin>
			<xmax>323</xmax>
			<ymax>284</ymax>
		</bndbox>
	</object>
	<object>
		<name>Ebi</name>
		<pose>Unspecified</pose>
		<truncated>0</truncated>
		<difficult>0</difficult>
		<bndbox>
			<xmin>334</xmin>
			<ymin>46</ymin>
			<xmax>496</xmax>
			<ymax>219</ymax>
		</bndbox>
	</object>
	<object>
		<name>Nori</name>
		<pose>Unspecified</pose>
		<truncated>0</truncated>
		<difficult>0</difficult>
		<bndbox>
			<xmin>297</xmin>
			<ymin>242</ymin>
			<xmax>482</xmax>
			<ymax>422</ymax>
		</bndbox>
	</object>
</annotation>
