<annotation>
	<folder>images</folder>
	<filename>979.jpg</filename>
	<path>C:\Users\tnk05\OneDrive\camera\images\images\979.jpg</path>
	<source>
		<database>Unknown</database>
	</source>
	<size>
		<width>640</width>
		<height>480</height>
		<depth>3</depth>
	</size>
	<segmented>0</segmented>
	<object>
		<name>Yuzu</name>
		<pose>Unspecified</pose>
		<truncated>0</truncated>
		<difficult>0</difficult>
		<bndbox>
			<xmin>87</xmin>
			<ymin>81</ymin>
			<xmax>312</xmax>
			<ymax>298</ymax>
		</bndbox>
	</object>
	<object>
		<name>Ebi</name>
		<pose>Unspecified</pose>
		<truncated>0</truncated>
		<difficult>0</difficult>
		<bndbox>
			<xmin>332</xmin>
			<ymin>11</ymin>
			<xmax>557</xmax>
			<ymax>230</ymax>
		</bndbox>
	</object>
	<object>
		<name>Nori</name>
		<pose>Unspecified</pose>
		<truncated>1</truncated>
		<difficult>0</difficult>
		<bndbox>
			<xmin>231</xmin>
			<ymin>269</ymin>
			<xmax>549</xmax>
			<ymax>480</ymax>
		</bndbox>
	</object>
</annotation>
