<annotation>
	<folder>images</folder>
	<filename>980.jpg</filename>
	<path>C:\Users\tnk05\OneDrive\camera\images\images\980.jpg</path>
	<source>
		<database>Unknown</database>
	</source>
	<size>
		<width>640</width>
		<height>480</height>
		<depth>3</depth>
	</size>
	<segmented>0</segmented>
	<object>
		<name>Yuzu</name>
		<pose>Unspecified</pose>
		<truncated>1</truncated>
		<difficult>0</difficult>
		<bndbox>
			<xmin>1</xmin>
			<ymin>61</ymin>
			<xmax>71</xmax>
			<ymax>301</ymax>
		</bndbox>
	</object>
	<object>
		<name>Nori</name>
		<pose>Unspecified</pose>
		<truncated>0</truncated>
		<difficult>0</difficult>
		<bndbox>
			<xmin>117</xmin>
			<ymin>67</ymin>
			<xmax>442</xmax>
			<ymax>424</ymax>
		</bndbox>
	</object>
</annotation>
