<annotation>
	<folder>images</folder>
	<filename>983.jpg</filename>
	<path>C:\Users\tnk05\OneDrive\camera\images\images\983.jpg</path>
	<source>
		<database>Unknown</database>
	</source>
	<size>
		<width>640</width>
		<height>480</height>
		<depth>3</depth>
	</size>
	<segmented>0</segmented>
	<object>
		<name>Yuzu</name>
		<pose>Unspecified</pose>
		<truncated>0</truncated>
		<difficult>0</difficult>
		<bndbox>
			<xmin>123</xmin>
			<ymin>215</ymin>
			<xmax>233</xmax>
			<ymax>327</ymax>
		</bndbox>
	</object>
	<object>
		<name>Ebi</name>
		<pose>Unspecified</pose>
		<truncated>0</truncated>
		<difficult>0</difficult>
		<bndbox>
			<xmin>243</xmin>
			<ymin>171</ymin>
			<xmax>358</xmax>
			<ymax>285</ymax>
		</bndbox>
	</object>
	<object>
		<name>Nori</name>
		<pose>Unspecified</pose>
		<truncated>0</truncated>
		<difficult>0</difficult>
		<bndbox>
			<xmin>208</xmin>
			<ymin>302</ymin>
			<xmax>346</xmax>
			<ymax>429</ymax>
		</bndbox>
	</object>
</annotation>
