<annotation>
	<folder>images</folder>
	<filename>988.jpg</filename>
	<path>C:\Users\tnk05\OneDrive\camera\images\images\988.jpg</path>
	<source>
		<database>Unknown</database>
	</source>
	<size>
		<width>640</width>
		<height>480</height>
		<depth>3</depth>
	</size>
	<segmented>0</segmented>
	<object>
		<name>Ebi</name>
		<pose>Unspecified</pose>
		<truncated>0</truncated>
		<difficult>0</difficult>
		<bndbox>
			<xmin>11</xmin>
			<ymin>293</ymin>
			<xmax>130</xmax>
			<ymax>407</ymax>
		</bndbox>
	</object>
	<object>
		<name>Yuzu</name>
		<pose>Unspecified</pose>
		<truncated>1</truncated>
		<difficult>0</difficult>
		<bndbox>
			<xmin>128</xmin>
			<ymin>436</ymin>
			<xmax>232</xmax>
			<ymax>480</ymax>
		</bndbox>
	</object>
	<object>
		<name>Nori</name>
		<pose>Unspecified</pose>
		<truncated>1</truncated>
		<difficult>0</difficult>
		<bndbox>
			<xmin>12</xmin>
			<ymin>397</ymin>
			<xmax>148</xmax>
			<ymax>480</ymax>
		</bndbox>
	</object>
</annotation>
