<annotation>
	<folder>images</folder>
	<filename>989.jpg</filename>
	<path>C:\Users\tnk05\OneDrive\camera\images\images\989.jpg</path>
	<source>
		<database>Unknown</database>
	</source>
	<size>
		<width>640</width>
		<height>480</height>
		<depth>3</depth>
	</size>
	<segmented>0</segmented>
	<object>
		<name>Yuzu</name>
		<pose>Unspecified</pose>
		<truncated>1</truncated>
		<difficult>0</difficult>
		<bndbox>
			<xmin>136</xmin>
			<ymin>396</ymin>
			<xmax>236</xmax>
			<ymax>480</ymax>
		</bndbox>
	</object>
	<object>
		<name>Ebi</name>
		<pose>Unspecified</pose>
		<truncated>0</truncated>
		<difficult>0</difficult>
		<bndbox>
			<xmin>63</xmin>
			<ymin>254</ymin>
			<xmax>183</xmax>
			<ymax>341</ymax>
		</bndbox>
	</object>
	<object>
		<name>Nori</name>
		<pose>Unspecified</pose>
		<truncated>0</truncated>
		<difficult>0</difficult>
		<bndbox>
			<xmin>50</xmin>
			<ymin>337</ymin>
			<xmax>173</xmax>
			<ymax>440</ymax>
		</bndbox>
	</object>
</annotation>
