<annotation>
	<folder>images</folder>
	<filename>991.jpg</filename>
	<path>C:\Users\tnk05\OneDrive\camera\images\images\991.jpg</path>
	<source>
		<database>Unknown</database>
	</source>
	<size>
		<width>640</width>
		<height>480</height>
		<depth>3</depth>
	</size>
	<segmented>0</segmented>
	<object>
		<name>Ebi</name>
		<pose>Unspecified</pose>
		<truncated>0</truncated>
		<difficult>0</difficult>
		<bndbox>
			<xmin>79</xmin>
			<ymin>153</ymin>
			<xmax>216</xmax>
			<ymax>289</ymax>
		</bndbox>
	</object>
	<object>
		<name>Nori</name>
		<pose>Unspecified</pose>
		<truncated>0</truncated>
		<difficult>0</difficult>
		<bndbox>
			<xmin>96</xmin>
			<ymin>275</ymin>
			<xmax>251</xmax>
			<ymax>421</ymax>
		</bndbox>
	</object>
</annotation>
