<annotation>
	<folder>images</folder>
	<filename>992.jpg</filename>
	<path>C:\Users\tnk05\OneDrive\camera\images\images\992.jpg</path>
	<source>
		<database>Unknown</database>
	</source>
	<size>
		<width>640</width>
		<height>480</height>
		<depth>3</depth>
	</size>
	<segmented>0</segmented>
	<object>
		<name>Yuzu</name>
		<pose>Unspecified</pose>
		<truncated>0</truncated>
		<difficult>0</difficult>
		<bndbox>
			<xmin>75</xmin>
			<ymin>273</ymin>
			<xmax>298</xmax>
			<ymax>430</ymax>
		</bndbox>
	</object>
	<object>
		<name>Ebi</name>
		<pose>Unspecified</pose>
		<truncated>0</truncated>
		<difficult>0</difficult>
		<bndbox>
			<xmin>343</xmin>
			<ymin>78</ymin>
			<xmax>493</xmax>
			<ymax>271</ymax>
		</bndbox>
	</object>
	<object>
		<name>Nori</name>
		<pose>Unspecified</pose>
		<truncated>0</truncated>
		<difficult>0</difficult>
		<bndbox>
			<xmin>162</xmin>
			<ymin>97</ymin>
			<xmax>332</xmax>
			<ymax>283</ymax>
		</bndbox>
	</object>
</annotation>
