<annotation>
	<folder>images</folder>
	<filename>993.jpg</filename>
	<path>C:\Users\tnk05\OneDrive\camera\images\images\993.jpg</path>
	<source>
		<database>Unknown</database>
	</source>
	<size>
		<width>640</width>
		<height>480</height>
		<depth>3</depth>
	</size>
	<segmented>0</segmented>
	<object>
		<name>Yuzu</name>
		<pose>Unspecified</pose>
		<truncated>0</truncated>
		<difficult>0</difficult>
		<bndbox>
			<xmin>122</xmin>
			<ymin>143</ymin>
			<xmax>453</xmax>
			<ymax>469</ymax>
		</bndbox>
	</object>
	<object>
		<name>Nori</name>
		<pose>Unspecified</pose>
		<truncated>1</truncated>
		<difficult>0</difficult>
		<bndbox>
			<xmin>133</xmin>
			<ymin>1</ymin>
			<xmax>454</xmax>
			<ymax>183</ymax>
		</bndbox>
	</object>
</annotation>
