<annotation>
	<folder>images</folder>
	<filename>995.jpg</filename>
	<path>C:\Users\tnk05\OneDrive\camera\images\images\995.jpg</path>
	<source>
		<database>Unknown</database>
	</source>
	<size>
		<width>640</width>
		<height>480</height>
		<depth>3</depth>
	</size>
	<segmented>0</segmented>
	<object>
		<name>Yuzu</name>
		<pose>Unspecified</pose>
		<truncated>0</truncated>
		<difficult>0</difficult>
		<bndbox>
			<xmin>142</xmin>
			<ymin>312</ymin>
			<xmax>296</xmax>
			<ymax>471</ymax>
		</bndbox>
	</object>
	<object>
		<name>Ebi</name>
		<pose>Unspecified</pose>
		<truncated>0</truncated>
		<difficult>0</difficult>
		<bndbox>
			<xmin>215</xmin>
			<ymin>55</ymin>
			<xmax>398</xmax>
			<ymax>223</ymax>
		</bndbox>
	</object>
	<object>
		<name>Nori</name>
		<pose>Unspecified</pose>
		<truncated>0</truncated>
		<difficult>0</difficult>
		<bndbox>
			<xmin>87</xmin>
			<ymin>135</ymin>
			<xmax>276</xmax>
			<ymax>320</ymax>
		</bndbox>
	</object>
</annotation>
