<annotation>
	<folder>images</folder>
	<filename>996.jpg</filename>
	<path>C:\Users\tnk05\OneDrive\camera\images\images\996.jpg</path>
	<source>
		<database>Unknown</database>
	</source>
	<size>
		<width>640</width>
		<height>480</height>
		<depth>3</depth>
	</size>
	<segmented>0</segmented>
	<object>
		<name>Ebi</name>
		<pose>Unspecified</pose>
		<truncated>0</truncated>
		<difficult>0</difficult>
		<bndbox>
			<xmin>193</xmin>
			<ymin>311</ymin>
			<xmax>306</xmax>
			<ymax>423</ymax>
		</bndbox>
	</object>
	<object>
		<name>Nori</name>
		<pose>Unspecified</pose>
		<truncated>1</truncated>
		<difficult>0</difficult>
		<bndbox>
			<xmin>104</xmin>
			<ymin>365</ymin>
			<xmax>224</xmax>
			<ymax>480</ymax>
		</bndbox>
	</object>
</annotation>
