<annotation>
	<folder>images</folder>
	<filename>997.jpg</filename>
	<path>C:\Users\tnk05\OneDrive\camera\images\images\997.jpg</path>
	<source>
		<database>Unknown</database>
	</source>
	<size>
		<width>640</width>
		<height>480</height>
		<depth>3</depth>
	</size>
	<segmented>0</segmented>
	<object>
		<name>Yuzu</name>
		<pose>Unspecified</pose>
		<truncated>0</truncated>
		<difficult>0</difficult>
		<bndbox>
			<xmin>125</xmin>
			<ymin>282</ymin>
			<xmax>244</xmax>
			<ymax>388</ymax>
		</bndbox>
	</object>
	<object>
		<name>Ebi</name>
		<pose>Unspecified</pose>
		<truncated>0</truncated>
		<difficult>0</difficult>
		<bndbox>
			<xmin>346</xmin>
			<ymin>262</ymin>
			<xmax>453</xmax>
			<ymax>356</ymax>
		</bndbox>
	</object>
	<object>
		<name>Nori</name>
		<pose>Unspecified</pose>
		<truncated>0</truncated>
		<difficult>0</difficult>
		<bndbox>
			<xmin>63</xmin>
			<ymin>181</ymin>
			<xmax>186</xmax>
			<ymax>297</ymax>
		</bndbox>
	</object>
</annotation>
