<annotation>
	<folder>images</folder>
	<filename>998.jpg</filename>
	<path>C:\Users\tnk05\OneDrive\camera\images\images\998.jpg</path>
	<source>
		<database>Unknown</database>
	</source>
	<size>
		<width>640</width>
		<height>480</height>
		<depth>3</depth>
	</size>
	<segmented>0</segmented>
	<object>
		<name>Yuzu</name>
		<pose>Unspecified</pose>
		<truncated>0</truncated>
		<difficult>0</difficult>
		<bndbox>
			<xmin>104</xmin>
			<ymin>353</ymin>
			<xmax>221</xmax>
			<ymax>458</ymax>
		</bndbox>
	</object>
	<object>
		<name>Ebi</name>
		<pose>Unspecified</pose>
		<truncated>0</truncated>
		<difficult>0</difficult>
		<bndbox>
			<xmin>331</xmin>
			<ymin>341</ymin>
			<xmax>443</xmax>
			<ymax>427</ymax>
		</bndbox>
	</object>
	<object>
		<name>Nori</name>
		<pose>Unspecified</pose>
		<truncated>0</truncated>
		<difficult>0</difficult>
		<bndbox>
			<xmin>32</xmin>
			<ymin>254</ymin>
			<xmax>176</xmax>
			<ymax>362</ymax>
		</bndbox>
	</object>
</annotation>
