<annotation>
	<folder>images</folder>
	<filename>999.jpg</filename>
	<path>C:\Users\tnk05\OneDrive\camera\images\images\999.jpg</path>
	<source>
		<database>Unknown</database>
	</source>
	<size>
		<width>640</width>
		<height>480</height>
		<depth>3</depth>
	</size>
	<segmented>0</segmented>
	<object>
		<name>Yuzu</name>
		<pose>Unspecified</pose>
		<truncated>0</truncated>
		<difficult>0</difficult>
		<bndbox>
			<xmin>200</xmin>
			<ymin>350</ymin>
			<xmax>309</xmax>
			<ymax>467</ymax>
		</bndbox>
	</object>
	<object>
		<name>Ebi</name>
		<pose>Unspecified</pose>
		<truncated>0</truncated>
		<difficult>0</difficult>
		<bndbox>
			<xmin>365</xmin>
			<ymin>230</ymin>
			<xmax>479</xmax>
			<ymax>327</ymax>
		</bndbox>
	</object>
	<object>
		<name>Nori</name>
		<pose>Unspecified</pose>
		<truncated>0</truncated>
		<difficult>0</difficult>
		<bndbox>
			<xmin>102</xmin>
			<ymin>315</ymin>
			<xmax>232</xmax>
			<ymax>410</ymax>
		</bndbox>
	</object>
</annotation>
