<annotation>
	<folder>train</folder>
	<filename>1.jpg</filename>
	<path>C:\Users\tnk05\OneDrive\camera\images\train\1.xml</path>
	<source>
		<database>Unknown</database>
	</source>
	<size>
		<width>640</width>
		<height>480</height>
		<depth>3</depth>
	</size>
	<segmented>0</segmented>
	<object>
		<name>Nori</name>
		<pose>Unspecified</pose>
		<truncated>0</truncated>
		<difficult>0</difficult>
		<bndbox>
			<xmin>154</xmin>
			<ymin>210</ymin>
			<xmax>306</xmax>
			<ymax>352</ymax>
		</bndbox>
	</object>
	<object>
		<name>Ebi</name>
		<pose>Unspecified</pose>
		<truncated>1</truncated>
		<difficult>0</difficult>
		<bndbox>
			<xmin>155</xmin>
			<ymin>401</ymin>
			<xmax>322</xmax>
			<ymax>480</ymax>
		</bndbox>
	</object>
	<object>
		<name>Yuzu</name>
		<pose>Unspecified</pose>
		<truncated>1</truncated>
		<difficult>0</difficult>
		<bndbox>
			<xmin>5</xmin>
			<ymin>422</ymin>
			<xmax>140</xmax>
			<ymax>480</ymax>
		</bndbox>
	</object>
</annotation>