<annotation>
	<folder>train</folder>
	<filename>10.jpg</filename>
	<path>C:\Users\tnk05\OneDrive\camera\images\train\10.xml</path>
	<source>
		<database>Unknown</database>
	</source>
	<size>
		<width>640</width>
		<height>480</height>
		<depth>3</depth>
	</size>
	<segmented>0</segmented>
	<object>
		<name>Nori</name>
		<pose>Unspecified</pose>
		<truncated>0</truncated>
		<difficult>0</difficult>
		<bndbox>
			<xmin>248</xmin>
			<ymin>300</ymin>
			<xmax>429</xmax>
			<ymax>452</ymax>
		</bndbox>
	</object>
</annotation>