<annotation>
	<folder>train</folder>
	<filename>100.jpg</filename>
	<path>C:\Users\tnk05\OneDrive\camera\images\train\100.xml</path>
	<source>
		<database>Unknown</database>
	</source>
	<size>
		<width>640</width>
		<height>480</height>
		<depth>3</depth>
	</size>
	<segmented>0</segmented>
	<object>
		<name>Nori</name>
		<pose>Unspecified</pose>
		<truncated>1</truncated>
		<difficult>0</difficult>
		<bndbox>
			<xmin>522</xmin>
			<ymin>53</ymin>
			<xmax>640</xmax>
			<ymax>263</ymax>
		</bndbox>
	</object>
	<object>
		<name>Ebi</name>
		<pose>Unspecified</pose>
		<truncated>0</truncated>
		<difficult>0</difficult>
		<bndbox>
			<xmin>367</xmin>
			<ymin>357</ymin>
			<xmax>582</xmax>
			<ymax>478</ymax>
		</bndbox>
	</object>
</annotation>