<annotation>
	<folder>train</folder>
	<filename>11.jpg</filename>
	<path>C:\Users\tnk05\OneDrive\camera\images\train\11.xml</path>
	<source>
		<database>Unknown</database>
	</source>
	<size>
		<width>640</width>
		<height>480</height>
		<depth>3</depth>
	</size>
	<segmented>0</segmented>
	<object>
		<name>Nori</name>
		<pose>Unspecified</pose>
		<truncated>0</truncated>
		<difficult>0</difficult>
		<bndbox>
			<xmin>113</xmin>
			<ymin>150</ymin>
			<xmax>295</xmax>
			<ymax>325</ymax>
		</bndbox>
	</object>
	<object>
		<name>Ebi</name>
		<pose>Unspecified</pose>
		<truncated>1</truncated>
		<difficult>0</difficult>
		<bndbox>
			<xmin>129</xmin>
			<ymin>344</ymin>
			<xmax>284</xmax>
			<ymax>480</ymax>
		</bndbox>
	</object>
</annotation>