<annotation>
	<folder>train</folder>
	<filename>112.jpg</filename>
	<path>C:\Users\tnk05\OneDrive\camera\images\train\112.xml</path>
	<source>
		<database>Unknown</database>
	</source>
	<size>
		<width>640</width>
		<height>480</height>
		<depth>3</depth>
	</size>
	<segmented>0</segmented>
	<object>
		<name>Nori</name>
		<pose>Unspecified</pose>
		<truncated>0</truncated>
		<difficult>0</difficult>
		<bndbox>
			<xmin>158</xmin>
			<ymin>15</ymin>
			<xmax>483</xmax>
			<ymax>303</ymax>
		</bndbox>
	</object>
</annotation>