<annotation>
	<folder>train</folder>
	<filename>114.jpg</filename>
	<path>C:\Users\tnk05\OneDrive\camera\images\train\114.xml</path>
	<source>
		<database>Unknown</database>
	</source>
	<size>
		<width>640</width>
		<height>480</height>
		<depth>3</depth>
	</size>
	<segmented>0</segmented>
	<object>
		<name>Nori</name>
		<pose>Unspecified</pose>
		<truncated>1</truncated>
		<difficult>0</difficult>
		<bndbox>
			<xmin>432</xmin>
			<ymin>85</ymin>
			<xmax>640</xmax>
			<ymax>449</ymax>
		</bndbox>
	</object>
	<object>
		<name>Ebi</name>
		<pose>Unspecified</pose>
		<truncated>1</truncated>
		<difficult>0</difficult>
		<bndbox>
			<xmin>1</xmin>
			<ymin>237</ymin>
			<xmax>258</xmax>
			<ymax>480</ymax>
		</bndbox>
	</object>
</annotation>