<annotation>
	<folder>train</folder>
	<filename>12.jpg</filename>
	<path>C:\Users\tnk05\OneDrive\camera\images\train\12.xml</path>
	<source>
		<database>Unknown</database>
	</source>
	<size>
		<width>640</width>
		<height>480</height>
		<depth>3</depth>
	</size>
	<segmented>0</segmented>
	<object>
		<name>Nori</name>
		<pose>Unspecified</pose>
		<truncated>0</truncated>
		<difficult>0</difficult>
		<bndbox>
			<xmin>316</xmin>
			<ymin>209</ymin>
			<xmax>539</xmax>
			<ymax>432</ymax>
		</bndbox>
	</object>
	<object>
		<name>Ebi</name>
		<pose>Unspecified</pose>
		<truncated>0</truncated>
		<difficult>0</difficult>
		<bndbox>
			<xmin>58</xmin>
			<ymin>216</ymin>
			<xmax>199</xmax>
			<ymax>359</ymax>
		</bndbox>
	</object>
	<object>
		<name>Yuzu</name>
		<pose>Unspecified</pose>
		<truncated>1</truncated>
		<difficult>0</difficult>
		<bndbox>
			<xmin>110</xmin>
			<ymin>350</ymin>
			<xmax>308</xmax>
			<ymax>480</ymax>
		</bndbox>
	</object>
</annotation>