<annotation>
	<folder>train</folder>
	<filename>125.jpg</filename>
	<path>C:\Users\tnk05\OneDrive\camera\images\train\125.xml</path>
	<source>
		<database>Unknown</database>
	</source>
	<size>
		<width>640</width>
		<height>480</height>
		<depth>3</depth>
	</size>
	<segmented>0</segmented>
	<object>
		<name>Nori</name>
		<pose>Unspecified</pose>
		<truncated>0</truncated>
		<difficult>0</difficult>
		<bndbox>
			<xmin>367</xmin>
			<ymin>115</ymin>
			<xmax>532</xmax>
			<ymax>277</ymax>
		</bndbox>
	</object>
	<object>
		<name>Ebi</name>
		<pose>Unspecified</pose>
		<truncated>0</truncated>
		<difficult>0</difficult>
		<bndbox>
			<xmin>196</xmin>
			<ymin>24</ymin>
			<xmax>358</xmax>
			<ymax>174</ymax>
		</bndbox>
	</object>
	<object>
		<name>Yuzu</name>
		<pose>Unspecified</pose>
		<truncated>0</truncated>
		<difficult>0</difficult>
		<bndbox>
			<xmin>30</xmin>
			<ymin>95</ymin>
			<xmax>241</xmax>
			<ymax>258</ymax>
		</bndbox>
	</object>
</annotation>