<annotation>
	<folder>train</folder>
	<filename>128.jpg</filename>
	<path>C:\Users\tnk05\OneDrive\camera\images\train\128.xml</path>
	<source>
		<database>Unknown</database>
	</source>
	<size>
		<width>640</width>
		<height>480</height>
		<depth>3</depth>
	</size>
	<segmented>0</segmented>
	<object>
		<name>Nori</name>
		<pose>Unspecified</pose>
		<truncated>1</truncated>
		<difficult>0</difficult>
		<bndbox>
			<xmin>106</xmin>
			<ymin>329</ymin>
			<xmax>268</xmax>
			<ymax>480</ymax>
		</bndbox>
	</object>
	<object>
		<name>Ebi</name>
		<pose>Unspecified</pose>
		<truncated>1</truncated>
		<difficult>0</difficult>
		<bndbox>
			<xmin>1</xmin>
			<ymin>234</ymin>
			<xmax>127</xmax>
			<ymax>369</ymax>
		</bndbox>
	</object>
</annotation>