<annotation>
	<folder>train</folder>
	<filename>13.jpg</filename>
	<path>C:\Users\tnk05\OneDrive\camera\images\train\13.xml</path>
	<source>
		<database>Unknown</database>
	</source>
	<size>
		<width>640</width>
		<height>480</height>
		<depth>3</depth>
	</size>
	<segmented>0</segmented>
	<object>
		<name>Ebi</name>
		<pose>Unspecified</pose>
		<truncated>1</truncated>
		<difficult>0</difficult>
		<bndbox>
			<xmin>318</xmin>
			<ymin>350</ymin>
			<xmax>461</xmax>
			<ymax>480</ymax>
		</bndbox>
	</object>
</annotation>