<annotation>
	<folder>train</folder>
	<filename>132.jpg</filename>
	<path>C:\Users\tnk05\OneDrive\camera\images\train\132.xml</path>
	<source>
		<database>Unknown</database>
	</source>
	<size>
		<width>640</width>
		<height>480</height>
		<depth>3</depth>
	</size>
	<segmented>0</segmented>
	<object>
		<name>Nori</name>
		<pose>Unspecified</pose>
		<truncated>0</truncated>
		<difficult>0</difficult>
		<bndbox>
			<xmin>218</xmin>
			<ymin>261</ymin>
			<xmax>358</xmax>
			<ymax>403</ymax>
		</bndbox>
	</object>
	<object>
		<name>Ebi</name>
		<pose>Unspecified</pose>
		<truncated>0</truncated>
		<difficult>0</difficult>
		<bndbox>
			<xmin>223</xmin>
			<ymin>48</ymin>
			<xmax>355</xmax>
			<ymax>157</ymax>
		</bndbox>
	</object>
	<object>
		<name>Yuzu</name>
		<pose>Unspecified</pose>
		<truncated>0</truncated>
		<difficult>0</difficult>
		<bndbox>
			<xmin>107</xmin>
			<ymin>110</ymin>
			<xmax>254</xmax>
			<ymax>240</ymax>
		</bndbox>
	</object>
</annotation>