<annotation>
	<folder>train</folder>
	<filename>134.jpg</filename>
	<path>C:\Users\tnk05\OneDrive\camera\images\train\134.xml</path>
	<source>
		<database>Unknown</database>
	</source>
	<size>
		<width>640</width>
		<height>480</height>
		<depth>3</depth>
	</size>
	<segmented>0</segmented>
	<object>
		<name>Nori</name>
		<pose>Unspecified</pose>
		<truncated>0</truncated>
		<difficult>0</difficult>
		<bndbox>
			<xmin>151</xmin>
			<ymin>228</ymin>
			<xmax>306</xmax>
			<ymax>383</ymax>
		</bndbox>
	</object>
	<object>
		<name>Ebi</name>
		<pose>Unspecified</pose>
		<truncated>0</truncated>
		<difficult>0</difficult>
		<bndbox>
			<xmin>143</xmin>
			<ymin>13</ymin>
			<xmax>280</xmax>
			<ymax>122</ymax>
		</bndbox>
	</object>
	<object>
		<name>Yuzu</name>
		<pose>Unspecified</pose>
		<truncated>0</truncated>
		<difficult>0</difficult>
		<bndbox>
			<xmin>33</xmin>
			<ymin>84</ymin>
			<xmax>187</xmax>
			<ymax>201</ymax>
		</bndbox>
	</object>
</annotation>