<annotation>
	<folder>train</folder>
	<filename>136.jpg</filename>
	<path>C:\Users\tnk05\OneDrive\camera\images\train\136.xml</path>
	<source>
		<database>Unknown</database>
	</source>
	<size>
		<width>640</width>
		<height>480</height>
		<depth>3</depth>
	</size>
	<segmented>0</segmented>
	<object>
		<name>Nori</name>
		<pose>Unspecified</pose>
		<truncated>1</truncated>
		<difficult>0</difficult>
		<bndbox>
			<xmin>291</xmin>
			<ymin>347</ymin>
			<xmax>441</xmax>
			<ymax>480</ymax>
		</bndbox>
	</object>
	<object>
		<name>Ebi</name>
		<pose>Unspecified</pose>
		<truncated>0</truncated>
		<difficult>0</difficult>
		<bndbox>
			<xmin>280</xmin>
			<ymin>126</ymin>
			<xmax>429</xmax>
			<ymax>245</ymax>
		</bndbox>
	</object>
	<object>
		<name>Yuzu</name>
		<pose>Unspecified</pose>
		<truncated>0</truncated>
		<difficult>0</difficult>
		<bndbox>
			<xmin>164</xmin>
			<ymin>217</ymin>
			<xmax>323</xmax>
			<ymax>327</ymax>
		</bndbox>
	</object>
</annotation>