<annotation>
	<folder>train</folder>
	<filename>142.jpg</filename>
	<path>C:\Users\tnk05\OneDrive\camera\images\train\142.xml</path>
	<source>
		<database>Unknown</database>
	</source>
	<size>
		<width>640</width>
		<height>480</height>
		<depth>3</depth>
	</size>
	<segmented>0</segmented>
	<object>
		<name>Nori</name>
		<pose>Unspecified</pose>
		<truncated>0</truncated>
		<difficult>0</difficult>
		<bndbox>
			<xmin>224</xmin>
			<ymin>222</ymin>
			<xmax>337</xmax>
			<ymax>353</ymax>
		</bndbox>
	</object>
	<object>
		<name>Ebi</name>
		<pose>Unspecified</pose>
		<truncated>0</truncated>
		<difficult>0</difficult>
		<bndbox>
			<xmin>207</xmin>
			<ymin>28</ymin>
			<xmax>332</xmax>
			<ymax>110</ymax>
		</bndbox>
	</object>
	<object>
		<name>Yuzu</name>
		<pose>Unspecified</pose>
		<truncated>0</truncated>
		<difficult>0</difficult>
		<bndbox>
			<xmin>159</xmin>
			<ymin>110</ymin>
			<xmax>282</xmax>
			<ymax>207</ymax>
		</bndbox>
	</object>
</annotation>