<annotation>
	<folder>train</folder>
	<filename>144.jpg</filename>
	<path>C:\Users\tnk05\OneDrive\camera\images\train\144.xml</path>
	<source>
		<database>Unknown</database>
	</source>
	<size>
		<width>640</width>
		<height>480</height>
		<depth>3</depth>
	</size>
	<segmented>0</segmented>
	<object>
		<name>Nori</name>
		<pose>Unspecified</pose>
		<truncated>0</truncated>
		<difficult>0</difficult>
		<bndbox>
			<xmin>287</xmin>
			<ymin>422</ymin>
			<xmax>424</xmax>
			<ymax>478</ymax>
		</bndbox>
	</object>
	<object>
		<name>Ebi</name>
		<pose>Unspecified</pose>
		<truncated>0</truncated>
		<difficult>0</difficult>
		<bndbox>
			<xmin>254</xmin>
			<ymin>175</ymin>
			<xmax>394</xmax>
			<ymax>280</ymax>
		</bndbox>
	</object>
	<object>
		<name>Yuzu</name>
		<pose>Unspecified</pose>
		<truncated>0</truncated>
		<difficult>0</difficult>
		<bndbox>
			<xmin>209</xmin>
			<ymin>273</ymin>
			<xmax>338</xmax>
			<ymax>386</ymax>
		</bndbox>
	</object>
</annotation>