<annotation>
	<folder>train</folder>
	<filename>147.jpg</filename>
	<path>C:\Users\tnk05\OneDrive\camera\images\train\147.xml</path>
	<source>
		<database>Unknown</database>
	</source>
	<size>
		<width>640</width>
		<height>480</height>
		<depth>3</depth>
	</size>
	<segmented>0</segmented>
	<object>
		<name>Nori</name>
		<pose>Unspecified</pose>
		<truncated>0</truncated>
		<difficult>0</difficult>
		<bndbox>
			<xmin>99</xmin>
			<ymin>269</ymin>
			<xmax>224</xmax>
			<ymax>402</ymax>
		</bndbox>
	</object>
	<object>
		<name>Ebi</name>
		<pose>Unspecified</pose>
		<truncated>0</truncated>
		<difficult>0</difficult>
		<bndbox>
			<xmin>111</xmin>
			<ymin>156</ymin>
			<xmax>211</xmax>
			<ymax>262</ymax>
		</bndbox>
	</object>
</annotation>