<annotation>
	<folder>train</folder>
	<filename>148.jpg</filename>
	<path>C:\Users\tnk05\OneDrive\camera\images\train\148.xml</path>
	<source>
		<database>Unknown</database>
	</source>
	<size>
		<width>640</width>
		<height>480</height>
		<depth>3</depth>
	</size>
	<segmented>0</segmented>
	<object>
		<name>Nori</name>
		<pose>Unspecified</pose>
		<truncated>0</truncated>
		<difficult>0</difficult>
		<bndbox>
			<xmin>187</xmin>
			<ymin>281</ymin>
			<xmax>302</xmax>
			<ymax>414</ymax>
		</bndbox>
	</object>
	<object>
		<name>Ebi</name>
		<pose>Unspecified</pose>
		<truncated>0</truncated>
		<difficult>0</difficult>
		<bndbox>
			<xmin>194</xmin>
			<ymin>168</ymin>
			<xmax>300</xmax>
			<ymax>264</ymax>
		</bndbox>
	</object>
	<object>
		<name>Yuzu</name>
		<pose>Unspecified</pose>
		<truncated>1</truncated>
		<difficult>0</difficult>
		<bndbox>
			<xmin>1</xmin>
			<ymin>238</ymin>
			<xmax>106</xmax>
			<ymax>342</ymax>
		</bndbox>
	</object>
</annotation>