<annotation>
	<folder>train</folder>
	<filename>149.jpg</filename>
	<path>C:\Users\tnk05\OneDrive\camera\images\train\149.xml</path>
	<source>
		<database>Unknown</database>
	</source>
	<size>
		<width>640</width>
		<height>480</height>
		<depth>3</depth>
	</size>
	<segmented>0</segmented>
	<object>
		<name>Nori</name>
		<pose>Unspecified</pose>
		<truncated>0</truncated>
		<difficult>0</difficult>
		<bndbox>
			<xmin>242</xmin>
			<ymin>339</ymin>
			<xmax>361</xmax>
			<ymax>469</ymax>
		</bndbox>
	</object>
	<object>
		<name>Ebi</name>
		<pose>Unspecified</pose>
		<truncated>0</truncated>
		<difficult>0</difficult>
		<bndbox>
			<xmin>259</xmin>
			<ymin>216</ymin>
			<xmax>366</xmax>
			<ymax>325</ymax>
		</bndbox>
	</object>
	<object>
		<name>Yuzu</name>
		<pose>Unspecified</pose>
		<truncated>0</truncated>
		<difficult>0</difficult>
		<bndbox>
			<xmin>40</xmin>
			<ymin>289</ymin>
			<xmax>171</xmax>
			<ymax>395</ymax>
		</bndbox>
	</object>
</annotation>