<annotation>
	<folder>train</folder>
	<filename>15.jpg</filename>
	<path>C:\Users\tnk05\OneDrive\camera\images\train\15.xml</path>
	<source>
		<database>Unknown</database>
	</source>
	<size>
		<width>640</width>
		<height>480</height>
		<depth>3</depth>
	</size>
	<segmented>0</segmented>
	<object>
		<name>Nori</name>
		<pose>Unspecified</pose>
		<truncated>0</truncated>
		<difficult>0</difficult>
		<bndbox>
			<xmin>292</xmin>
			<ymin>121</ymin>
			<xmax>500</xmax>
			<ymax>322</ymax>
		</bndbox>
	</object>
	<object>
		<name>Ebi</name>
		<pose>Unspecified</pose>
		<truncated>0</truncated>
		<difficult>0</difficult>
		<bndbox>
			<xmin>7</xmin>
			<ymin>80</ymin>
			<xmax>195</xmax>
			<ymax>216</ymax>
		</bndbox>
	</object>
	<object>
		<name>Yuzu</name>
		<pose>Unspecified</pose>
		<truncated>0</truncated>
		<difficult>0</difficult>
		<bndbox>
			<xmin>58</xmin>
			<ymin>215</ymin>
			<xmax>269</xmax>
			<ymax>425</ymax>
		</bndbox>
	</object>
</annotation>