<annotation>
	<folder>train</folder>
	<filename>150.jpg</filename>
	<path>C:\Users\tnk05\OneDrive\camera\images\train\150.xml</path>
	<source>
		<database>Unknown</database>
	</source>
	<size>
		<width>640</width>
		<height>480</height>
		<depth>3</depth>
	</size>
	<segmented>0</segmented>
	<object>
		<name>Ebi</name>
		<pose>Unspecified</pose>
		<truncated>0</truncated>
		<difficult>0</difficult>
		<bndbox>
			<xmin>410</xmin>
			<ymin>331</ymin>
			<xmax>536</xmax>
			<ymax>464</ymax>
		</bndbox>
	</object>
	<object>
		<name>Yuzu</name>
		<pose>Unspecified</pose>
		<truncated>1</truncated>
		<difficult>0</difficult>
		<bndbox>
			<xmin>169</xmin>
			<ymin>404</ymin>
			<xmax>306</xmax>
			<ymax>480</ymax>
		</bndbox>
	</object>
</annotation>