<annotation>
	<folder>train</folder>
	<filename>151.jpg</filename>
	<path>C:\Users\tnk05\OneDrive\camera\images\train\151.xml</path>
	<source>
		<database>Unknown</database>
	</source>
	<size>
		<width>640</width>
		<height>480</height>
		<depth>3</depth>
	</size>
	<segmented>0</segmented>
	<object>
		<name>Nori</name>
		<pose>Unspecified</pose>
		<truncated>0</truncated>
		<difficult>0</difficult>
		<bndbox>
			<xmin>15</xmin>
			<ymin>204</ymin>
			<xmax>169</xmax>
			<ymax>374</ymax>
		</bndbox>
	</object>
	<object>
		<name>Ebi</name>
		<pose>Unspecified</pose>
		<truncated>0</truncated>
		<difficult>0</difficult>
		<bndbox>
			<xmin>13</xmin>
			<ymin>42</ymin>
			<xmax>176</xmax>
			<ymax>188</ymax>
		</bndbox>
	</object>
</annotation>