<annotation>
	<folder>train</folder>
	<filename>154.jpg</filename>
	<path>C:\Users\tnk05\OneDrive\camera\images\train\154.xml</path>
	<source>
		<database>Unknown</database>
	</source>
	<size>
		<width>640</width>
		<height>480</height>
		<depth>3</depth>
	</size>
	<segmented>0</segmented>
	<object>
		<name>Nori</name>
		<pose>Unspecified</pose>
		<truncated>0</truncated>
		<difficult>0</difficult>
		<bndbox>
			<xmin>245</xmin>
			<ymin>275</ymin>
			<xmax>364</xmax>
			<ymax>434</ymax>
		</bndbox>
	</object>
	<object>
		<name>Ebi</name>
		<pose>Unspecified</pose>
		<truncated>0</truncated>
		<difficult>0</difficult>
		<bndbox>
			<xmin>221</xmin>
			<ymin>144</ymin>
			<xmax>357</xmax>
			<ymax>260</ymax>
		</bndbox>
	</object>
	<object>
		<name>Yuzu</name>
		<pose>Unspecified</pose>
		<truncated>1</truncated>
		<difficult>0</difficult>
		<bndbox>
			<xmin>1</xmin>
			<ymin>264</ymin>
			<xmax>136</xmax>
			<ymax>388</ymax>
		</bndbox>
	</object>
</annotation>