<annotation>
	<folder>train</folder>
	<filename>157.jpg</filename>
	<path>C:\Users\tnk05\OneDrive\camera\images\train\157.jpg</path>
	<source>
		<database>Unknown</database>
	</source>
	<size>
		<width>640</width>
		<height>480</height>
		<depth>3</depth>
	</size>
	<segmented>0</segmented>
	<object>
		<name>Yuzu</name>
		<pose>Unspecified</pose>
		<truncated>1</truncated>
		<difficult>0</difficult>
		<bndbox>
			<xmin>282</xmin>
			<ymin>346</ymin>
			<xmax>517</xmax>
			<ymax>480</ymax>
		</bndbox>
	</object>
	<object>
		<name>Nori</name>
		<pose>Unspecified</pose>
		<truncated>0</truncated>
		<difficult>0</difficult>
		<bndbox>
			<xmin>279</xmin>
			<ymin>117</ymin>
			<xmax>497</xmax>
			<ymax>317</ymax>
		</bndbox>
	</object>
</annotation>