<annotation>
	<folder>train</folder>
	<filename>159.jpg</filename>
	<path>C:\Users\tnk05\OneDrive\camera\images\train\159.jpg</path>
	<source>
		<database>Unknown</database>
	</source>
	<size>
		<width>640</width>
		<height>480</height>
		<depth>3</depth>
	</size>
	<segmented>0</segmented>
	<object>
		<name>Yuzu</name>
		<pose>Unspecified</pose>
		<truncated>1</truncated>
		<difficult>0</difficult>
		<bndbox>
			<xmin>431</xmin>
			<ymin>229</ymin>
			<xmax>640</xmax>
			<ymax>450</ymax>
		</bndbox>
	</object>
	<object>
		<name>Nori</name>
		<pose>Unspecified</pose>
		<truncated>0</truncated>
		<difficult>0</difficult>
		<bndbox>
			<xmin>399</xmin>
			<ymin>10</ymin>
			<xmax>619</xmax>
			<ymax>214</ymax>
		</bndbox>
	</object>
</annotation>