<annotation>
	<folder>train</folder>
	<filename>16.jpg</filename>
	<path>C:\Users\tnk05\OneDrive\camera\images\train\16.xml</path>
	<source>
		<database>Unknown</database>
	</source>
	<size>
		<width>640</width>
		<height>480</height>
		<depth>3</depth>
	</size>
	<segmented>0</segmented>
	<object>
		<name>Nori</name>
		<pose>Unspecified</pose>
		<truncated>0</truncated>
		<difficult>0</difficult>
		<bndbox>
			<xmin>201</xmin>
			<ymin>123</ymin>
			<xmax>419</xmax>
			<ymax>345</ymax>
		</bndbox>
	</object>
	<object>
		<name>Yuzu</name>
		<pose>Unspecified</pose>
		<truncated>1</truncated>
		<difficult>0</difficult>
		<bndbox>
			<xmin>67</xmin>
			<ymin>382</ymin>
			<xmax>261</xmax>
			<ymax>480</ymax>
		</bndbox>
	</object>
</annotation>