<annotation>
	<folder>train</folder>
	<filename>160.jpg</filename>
	<path>C:\Users\tnk05\OneDrive\camera\images\train\160.jpg</path>
	<source>
		<database>Unknown</database>
	</source>
	<size>
		<width>640</width>
		<height>480</height>
		<depth>3</depth>
	</size>
	<segmented>0</segmented>
	<object>
		<name>Nori</name>
		<pose>Unspecified</pose>
		<truncated>0</truncated>
		<difficult>0</difficult>
		<bndbox>
			<xmin>240</xmin>
			<ymin>246</ymin>
			<xmax>407</xmax>
			<ymax>402</ymax>
		</bndbox>
	</object>
</annotation>