<annotation>
	<folder>train</folder>
	<filename>162.jpg</filename>
	<path>C:\Users\tnk05\OneDrive\camera\images\train\162.jpg</path>
	<source>
		<database>Unknown</database>
	</source>
	<size>
		<width>640</width>
		<height>480</height>
		<depth>3</depth>
	</size>
	<segmented>0</segmented>
	<object>
		<name>Ebi</name>
		<pose>Unspecified</pose>
		<truncated>1</truncated>
		<difficult>0</difficult>
		<bndbox>
			<xmin>477</xmin>
			<ymin>208</ymin>
			<xmax>640</xmax>
			<ymax>388</ymax>
		</bndbox>
	</object>
	<object>
		<name>Yuzu</name>
		<pose>Unspecified</pose>
		<truncated>0</truncated>
		<difficult>0</difficult>
		<bndbox>
			<xmin>288</xmin>
			<ymin>243</ymin>
			<xmax>443</xmax>
			<ymax>373</ymax>
		</bndbox>
	</object>
	<object>
		<name>Nori</name>
		<pose>Unspecified</pose>
		<truncated>0</truncated>
		<difficult>0</difficult>
		<bndbox>
			<xmin>277</xmin>
			<ymin>85</ymin>
			<xmax>429</xmax>
			<ymax>199</ymax>
		</bndbox>
	</object>
</annotation>