<annotation>
	<folder>train</folder>
	<filename>163.jpg</filename>
	<path>C:\Users\tnk05\OneDrive\camera\images\train\163.jpg</path>
	<source>
		<database>Unknown</database>
	</source>
	<size>
		<width>640</width>
		<height>480</height>
		<depth>3</depth>
	</size>
	<segmented>0</segmented>
	<object>
		<name>Ebi</name>
		<pose>Unspecified</pose>
		<truncated>0</truncated>
		<difficult>0</difficult>
		<bndbox>
			<xmin>357</xmin>
			<ymin>327</ymin>
			<xmax>552</xmax>
			<ymax>477</ymax>
		</bndbox>
	</object>
	<object>
		<name>Yuzu</name>
		<pose>Unspecified</pose>
		<truncated>0</truncated>
		<difficult>0</difficult>
		<bndbox>
			<xmin>135</xmin>
			<ymin>318</ymin>
			<xmax>302</xmax>
			<ymax>466</ymax>
		</bndbox>
	</object>
	<object>
		<name>Nori</name>
		<pose>Unspecified</pose>
		<truncated>0</truncated>
		<difficult>0</difficult>
		<bndbox>
			<xmin>124</xmin>
			<ymin>134</ymin>
			<xmax>304</xmax>
			<ymax>285</ymax>
		</bndbox>
	</object>
</annotation>