<annotation>
	<folder>train</folder>
	<filename>164.jpg</filename>
	<path>C:\Users\tnk05\OneDrive\camera\images\train\164.jpg</path>
	<source>
		<database>Unknown</database>
	</source>
	<size>
		<width>640</width>
		<height>480</height>
		<depth>3</depth>
	</size>
	<segmented>0</segmented>
	<object>
		<name>Ebi</name>
		<pose>Unspecified</pose>
		<truncated>1</truncated>
		<difficult>0</difficult>
		<bndbox>
			<xmin>537</xmin>
			<ymin>217</ymin>
			<xmax>640</xmax>
			<ymax>381</ymax>
		</bndbox>
	</object>
	<object>
		<name>Yuzu</name>
		<pose>Unspecified</pose>
		<truncated>0</truncated>
		<difficult>0</difficult>
		<bndbox>
			<xmin>335</xmin>
			<ymin>228</ymin>
			<xmax>502</xmax>
			<ymax>385</ymax>
		</bndbox>
	</object>
	<object>
		<name>Nori</name>
		<pose>Unspecified</pose>
		<truncated>0</truncated>
		<difficult>0</difficult>
		<bndbox>
			<xmin>286</xmin>
			<ymin>53</ymin>
			<xmax>443</xmax>
			<ymax>207</ymax>
		</bndbox>
	</object>
</annotation>