<annotation>
	<folder>train</folder>
	<filename>166.jpg</filename>
	<path>C:\Users\tnk05\OneDrive\camera\images\train\166.jpg</path>
	<source>
		<database>Unknown</database>
	</source>
	<size>
		<width>640</width>
		<height>480</height>
		<depth>3</depth>
	</size>
	<segmented>0</segmented>
	<object>
		<name>Ebi</name>
		<pose>Unspecified</pose>
		<truncated>0</truncated>
		<difficult>0</difficult>
		<bndbox>
			<xmin>452</xmin>
			<ymin>225</ymin>
			<xmax>603</xmax>
			<ymax>361</ymax>
		</bndbox>
	</object>
	<object>
		<name>Yuzu</name>
		<pose>Unspecified</pose>
		<truncated>0</truncated>
		<difficult>0</difficult>
		<bndbox>
			<xmin>292</xmin>
			<ymin>243</ymin>
			<xmax>418</xmax>
			<ymax>369</ymax>
		</bndbox>
	</object>
	<object>
		<name>Nori</name>
		<pose>Unspecified</pose>
		<truncated>0</truncated>
		<difficult>0</difficult>
		<bndbox>
			<xmin>267</xmin>
			<ymin>110</ymin>
			<xmax>394</xmax>
			<ymax>221</ymax>
		</bndbox>
	</object>
</annotation>