<annotation>
	<folder>train</folder>
	<filename>168.jpg</filename>
	<path>C:\Users\tnk05\OneDrive\camera\images\train\168.jpg</path>
	<source>
		<database>Unknown</database>
	</source>
	<size>
		<width>640</width>
		<height>480</height>
		<depth>3</depth>
	</size>
	<segmented>0</segmented>
	<object>
		<name>Ebi</name>
		<pose>Unspecified</pose>
		<truncated>1</truncated>
		<difficult>0</difficult>
		<bndbox>
			<xmin>540</xmin>
			<ymin>252</ymin>
			<xmax>640</xmax>
			<ymax>412</ymax>
		</bndbox>
	</object>
	<object>
		<name>Yuzu</name>
		<pose>Unspecified</pose>
		<truncated>0</truncated>
		<difficult>0</difficult>
		<bndbox>
			<xmin>332</xmin>
			<ymin>250</ymin>
			<xmax>492</xmax>
			<ymax>397</ymax>
		</bndbox>
	</object>
	<object>
		<name>Nori</name>
		<pose>Unspecified</pose>
		<truncated>0</truncated>
		<difficult>0</difficult>
		<bndbox>
			<xmin>322</xmin>
			<ymin>82</ymin>
			<xmax>478</xmax>
			<ymax>217</ymax>
		</bndbox>
	</object>
</annotation>