<annotation>
	<folder>train</folder>
	<filename>17.jpg</filename>
	<path>C:\Users\tnk05\OneDrive\camera\images\train\17.xml</path>
	<source>
		<database>Unknown</database>
	</source>
	<size>
		<width>640</width>
		<height>480</height>
		<depth>3</depth>
	</size>
	<segmented>0</segmented>
	<object>
		<name>Nori</name>
		<pose>Unspecified</pose>
		<truncated>0</truncated>
		<difficult>0</difficult>
		<bndbox>
			<xmin>210</xmin>
			<ymin>154</ymin>
			<xmax>422</xmax>
			<ymax>392</ymax>
		</bndbox>
	</object>
	<object>
		<name>Yuzu</name>
		<pose>Unspecified</pose>
		<truncated>1</truncated>
		<difficult>0</difficult>
		<bndbox>
			<xmin>60</xmin>
			<ymin>387</ymin>
			<xmax>247</xmax>
			<ymax>480</ymax>
		</bndbox>
	</object>
</annotation>