<annotation>
	<folder>train</folder>
	<filename>171.jpg</filename>
	<path>C:\Users\tnk05\OneDrive\camera\images\train\171.jpg</path>
	<source>
		<database>Unknown</database>
	</source>
	<size>
		<width>640</width>
		<height>480</height>
		<depth>3</depth>
	</size>
	<segmented>0</segmented>
	<object>
		<name>Ebi</name>
		<pose>Unspecified</pose>
		<truncated>1</truncated>
		<difficult>0</difficult>
		<bndbox>
			<xmin>504</xmin>
			<ymin>325</ymin>
			<xmax>640</xmax>
			<ymax>464</ymax>
		</bndbox>
	</object>
	<object>
		<name>Yuzu</name>
		<pose>Unspecified</pose>
		<truncated>0</truncated>
		<difficult>0</difficult>
		<bndbox>
			<xmin>392</xmin>
			<ymin>218</ymin>
			<xmax>519</xmax>
			<ymax>345</ymax>
		</bndbox>
	</object>
	<object>
		<name>Nori</name>
		<pose>Unspecified</pose>
		<truncated>0</truncated>
		<difficult>0</difficult>
		<bndbox>
			<xmin>239</xmin>
			<ymin>147</ymin>
			<xmax>374</xmax>
			<ymax>290</ymax>
		</bndbox>
	</object>
</annotation>