<annotation>
	<folder>train</folder>
	<filename>172.jpg</filename>
	<path>C:\Users\tnk05\OneDrive\camera\images\train\172.jpg</path>
	<source>
		<database>Unknown</database>
	</source>
	<size>
		<width>640</width>
		<height>480</height>
		<depth>3</depth>
	</size>
	<segmented>0</segmented>
	<object>
		<name>Ebi</name>
		<pose>Unspecified</pose>
		<truncated>1</truncated>
		<difficult>0</difficult>
		<bndbox>
			<xmin>311</xmin>
			<ymin>354</ymin>
			<xmax>488</xmax>
			<ymax>480</ymax>
		</bndbox>
	</object>
	<object>
		<name>Yuzu</name>
		<pose>Unspecified</pose>
		<truncated>0</truncated>
		<difficult>0</difficult>
		<bndbox>
			<xmin>204</xmin>
			<ymin>223</ymin>
			<xmax>362</xmax>
			<ymax>364</ymax>
		</bndbox>
	</object>
	<object>
		<name>Nori</name>
		<pose>Unspecified</pose>
		<truncated>0</truncated>
		<difficult>0</difficult>
		<bndbox>
			<xmin>44</xmin>
			<ymin>126</ymin>
			<xmax>192</xmax>
			<ymax>272</ymax>
		</bndbox>
	</object>
</annotation>