<annotation>
	<folder>train</folder>
	<filename>173.jpg</filename>
	<path>C:\Users\tnk05\OneDrive\camera\images\train\173.jpg</path>
	<source>
		<database>Unknown</database>
	</source>
	<size>
		<width>640</width>
		<height>480</height>
		<depth>3</depth>
	</size>
	<segmented>0</segmented>
	<object>
		<name>Ebi</name>
		<pose>Unspecified</pose>
		<truncated>1</truncated>
		<difficult>0</difficult>
		<bndbox>
			<xmin>536</xmin>
			<ymin>118</ymin>
			<xmax>640</xmax>
			<ymax>257</ymax>
		</bndbox>
	</object>
	<object>
		<name>Yuzu</name>
		<pose>Unspecified</pose>
		<truncated>0</truncated>
		<difficult>0</difficult>
		<bndbox>
			<xmin>402</xmin>
			<ymin>12</ymin>
			<xmax>543</xmax>
			<ymax>153</ymax>
		</bndbox>
	</object>
	<object>
		<name>Nori</name>
		<pose>Unspecified</pose>
		<truncated>1</truncated>
		<difficult>0</difficult>
		<bndbox>
			<xmin>235</xmin>
			<ymin>1</ymin>
			<xmax>359</xmax>
			<ymax>107</ymax>
		</bndbox>
	</object>
</annotation>