<annotation>
	<folder>train</folder>
	<filename>174.jpg</filename>
	<path>C:\Users\tnk05\OneDrive\camera\images\train\174.jpg</path>
	<source>
		<database>Unknown</database>
	</source>
	<size>
		<width>640</width>
		<height>480</height>
		<depth>3</depth>
	</size>
	<segmented>0</segmented>
	<object>
		<name>Yuzu</name>
		<pose>Unspecified</pose>
		<truncated>0</truncated>
		<difficult>0</difficult>
		<bndbox>
			<xmin>331</xmin>
			<ymin>316</ymin>
			<xmax>470</xmax>
			<ymax>452</ymax>
		</bndbox>
	</object>
	<object>
		<name>Nori</name>
		<pose>Unspecified</pose>
		<truncated>0</truncated>
		<difficult>0</difficult>
		<bndbox>
			<xmin>168</xmin>
			<ymin>234</ymin>
			<xmax>326</xmax>
			<ymax>381</ymax>
		</bndbox>
	</object>
</annotation>