<annotation>
	<folder>train</folder>
	<filename>175.jpg</filename>
	<path>C:\Users\tnk05\OneDrive\camera\images\train\175.jpg</path>
	<source>
		<database>Unknown</database>
	</source>
	<size>
		<width>640</width>
		<height>480</height>
		<depth>3</depth>
	</size>
	<segmented>0</segmented>
	<object>
		<name>Ebi</name>
		<pose>Unspecified</pose>
		<truncated>0</truncated>
		<difficult>0</difficult>
		<bndbox>
			<xmin>341</xmin>
			<ymin>214</ymin>
			<xmax>516</xmax>
			<ymax>347</ymax>
		</bndbox>
	</object>
	<object>
		<name>Yuzu</name>
		<pose>Unspecified</pose>
		<truncated>0</truncated>
		<difficult>0</difficult>
		<bndbox>
			<xmin>247</xmin>
			<ymin>87</ymin>
			<xmax>381</xmax>
			<ymax>217</ymax>
		</bndbox>
	</object>
	<object>
		<name>Nori</name>
		<pose>Unspecified</pose>
		<truncated>0</truncated>
		<difficult>0</difficult>
		<bndbox>
			<xmin>77</xmin>
			<ymin>11</ymin>
			<xmax>221</xmax>
			<ymax>160</ymax>
		</bndbox>
	</object>
</annotation>