<annotation>
	<folder>train</folder>
	<filename>176.jpg</filename>
	<path>C:\Users\tnk05\OneDrive\camera\images\train\176.jpg</path>
	<source>
		<database>Unknown</database>
	</source>
	<size>
		<width>640</width>
		<height>480</height>
		<depth>3</depth>
	</size>
	<segmented>0</segmented>
	<object>
		<name>Ebi</name>
		<pose>Unspecified</pose>
		<truncated>1</truncated>
		<difficult>0</difficult>
		<bndbox>
			<xmin>573</xmin>
			<ymin>72</ymin>
			<xmax>640</xmax>
			<ymax>215</ymax>
		</bndbox>
	</object>
	<object>
		<name>Yuzu</name>
		<pose>Unspecified</pose>
		<truncated>1</truncated>
		<difficult>0</difficult>
		<bndbox>
			<xmin>441</xmin>
			<ymin>1</ymin>
			<xmax>575</xmax>
			<ymax>130</ymax>
		</bndbox>
	</object>
	<object>
		<name>Nori</name>
		<pose>Unspecified</pose>
		<truncated>1</truncated>
		<difficult>0</difficult>
		<bndbox>
			<xmin>266</xmin>
			<ymin>1</ymin>
			<xmax>401</xmax>
			<ymax>89</ymax>
		</bndbox>
	</object>
</annotation>