<annotation>
	<folder>train</folder>
	<filename>177.jpg</filename>
	<path>C:\Users\tnk05\OneDrive\camera\images\train\177.jpg</path>
	<source>
		<database>Unknown</database>
	</source>
	<size>
		<width>640</width>
		<height>480</height>
		<depth>3</depth>
	</size>
	<segmented>0</segmented>
	<object>
		<name>Ebi</name>
		<pose>Unspecified</pose>
		<truncated>0</truncated>
		<difficult>0</difficult>
		<bndbox>
			<xmin>401</xmin>
			<ymin>220</ymin>
			<xmax>532</xmax>
			<ymax>341</ymax>
		</bndbox>
	</object>
	<object>
		<name>Yuzu</name>
		<pose>Unspecified</pose>
		<truncated>0</truncated>
		<difficult>0</difficult>
		<bndbox>
			<xmin>320</xmin>
			<ymin>119</ymin>
			<xmax>414</xmax>
			<ymax>226</ymax>
		</bndbox>
	</object>
	<object>
		<name>Nori</name>
		<pose>Unspecified</pose>
		<truncated>0</truncated>
		<difficult>0</difficult>
		<bndbox>
			<xmin>246</xmin>
			<ymin>236</ymin>
			<xmax>372</xmax>
			<ymax>353</ymax>
		</bndbox>
	</object>
</annotation>