<annotation>
	<folder>train</folder>
	<filename>178.jpg</filename>
	<path>C:\Users\tnk05\OneDrive\camera\images\train\178.jpg</path>
	<source>
		<database>Unknown</database>
	</source>
	<size>
		<width>640</width>
		<height>480</height>
		<depth>3</depth>
	</size>
	<segmented>0</segmented>
	<object>
		<name>Ebi</name>
		<pose>Unspecified</pose>
		<truncated>0</truncated>
		<difficult>0</difficult>
		<bndbox>
			<xmin>312</xmin>
			<ymin>171</ymin>
			<xmax>453</xmax>
			<ymax>293</ymax>
		</bndbox>
	</object>
	<object>
		<name>Yuzu</name>
		<pose>Unspecified</pose>
		<truncated>0</truncated>
		<difficult>0</difficult>
		<bndbox>
			<xmin>232</xmin>
			<ymin>44</ymin>
			<xmax>347</xmax>
			<ymax>171</ymax>
		</bndbox>
	</object>
	<object>
		<name>Nori</name>
		<pose>Unspecified</pose>
		<truncated>0</truncated>
		<difficult>0</difficult>
		<bndbox>
			<xmin>149</xmin>
			<ymin>172</ymin>
			<xmax>283</xmax>
			<ymax>294</ymax>
		</bndbox>
	</object>
</annotation>