<annotation>
	<folder>train</folder>
	<filename>179.jpg</filename>
	<path>C:\Users\tnk05\OneDrive\camera\images\train\179.jpg</path>
	<source>
		<database>Unknown</database>
	</source>
	<size>
		<width>640</width>
		<height>480</height>
		<depth>3</depth>
	</size>
	<segmented>0</segmented>
	<object>
		<name>Ebi</name>
		<pose>Unspecified</pose>
		<truncated>1</truncated>
		<difficult>0</difficult>
		<bndbox>
			<xmin>562</xmin>
			<ymin>22</ymin>
			<xmax>640</xmax>
			<ymax>159</ymax>
		</bndbox>
	</object>
	<object>
		<name>Yuzu</name>
		<pose>Unspecified</pose>
		<truncated>1</truncated>
		<difficult>0</difficult>
		<bndbox>
			<xmin>443</xmin>
			<ymin>1</ymin>
			<xmax>565</xmax>
			<ymax>66</ymax>
		</bndbox>
	</object>
	<object>
		<name>Nori</name>
		<pose>Unspecified</pose>
		<truncated>0</truncated>
		<difficult>0</difficult>
		<bndbox>
			<xmin>383</xmin>
			<ymin>82</ymin>
			<xmax>534</xmax>
			<ymax>220</ymax>
		</bndbox>
	</object>
</annotation>