<annotation>
	<folder>train</folder>
	<filename>18.jpg</filename>
	<path>C:\Users\tnk05\OneDrive\camera\images\train\18.xml</path>
	<source>
		<database>Unknown</database>
	</source>
	<size>
		<width>640</width>
		<height>480</height>
		<depth>3</depth>
	</size>
	<segmented>0</segmented>
	<object>
		<name>Nori</name>
		<pose>Unspecified</pose>
		<truncated>1</truncated>
		<difficult>0</difficult>
		<bndbox>
			<xmin>466</xmin>
			<ymin>337</ymin>
			<xmax>632</xmax>
			<ymax>480</ymax>
		</bndbox>
	</object>
	<object>
		<name>Ebi</name>
		<pose>Unspecified</pose>
		<truncated>0</truncated>
		<difficult>0</difficult>
		<bndbox>
			<xmin>217</xmin>
			<ymin>330</ymin>
			<xmax>377</xmax>
			<ymax>443</ymax>
		</bndbox>
	</object>
</annotation>