<annotation>
	<folder>train</folder>
	<filename>182.jpg</filename>
	<path>C:\Users\tnk05\OneDrive\camera\images\train\182.jpg</path>
	<source>
		<database>Unknown</database>
	</source>
	<size>
		<width>640</width>
		<height>480</height>
		<depth>3</depth>
	</size>
	<segmented>0</segmented>
	<object>
		<name>Ebi</name>
		<pose>Unspecified</pose>
		<truncated>0</truncated>
		<difficult>0</difficult>
		<bndbox>
			<xmin>428</xmin>
			<ymin>206</ymin>
			<xmax>578</xmax>
			<ymax>336</ymax>
		</bndbox>
	</object>
	<object>
		<name>Yuzu</name>
		<pose>Unspecified</pose>
		<truncated>0</truncated>
		<difficult>0</difficult>
		<bndbox>
			<xmin>321</xmin>
			<ymin>93</ymin>
			<xmax>444</xmax>
			<ymax>217</ymax>
		</bndbox>
	</object>
	<object>
		<name>Nori</name>
		<pose>Unspecified</pose>
		<truncated>0</truncated>
		<difficult>0</difficult>
		<bndbox>
			<xmin>241</xmin>
			<ymin>232</ymin>
			<xmax>399</xmax>
			<ymax>370</ymax>
		</bndbox>
	</object>
</annotation>