<annotation>
	<folder>train</folder>
	<filename>183.jpg</filename>
	<path>C:\Users\tnk05\OneDrive\camera\images\train\183.jpg</path>
	<source>
		<database>Unknown</database>
	</source>
	<size>
		<width>640</width>
		<height>480</height>
		<depth>3</depth>
	</size>
	<segmented>0</segmented>
	<object>
		<name>Ebi</name>
		<pose>Unspecified</pose>
		<truncated>0</truncated>
		<difficult>0</difficult>
		<bndbox>
			<xmin>357</xmin>
			<ymin>224</ymin>
			<xmax>467</xmax>
			<ymax>322</ymax>
		</bndbox>
	</object>
	<object>
		<name>Yuzu</name>
		<pose>Unspecified</pose>
		<truncated>0</truncated>
		<difficult>0</difficult>
		<bndbox>
			<xmin>282</xmin>
			<ymin>139</ymin>
			<xmax>376</xmax>
			<ymax>231</ymax>
		</bndbox>
	</object>
	<object>
		<name>Nori</name>
		<pose>Unspecified</pose>
		<truncated>0</truncated>
		<difficult>0</difficult>
		<bndbox>
			<xmin>223</xmin>
			<ymin>250</ymin>
			<xmax>334</xmax>
			<ymax>346</ymax>
		</bndbox>
	</object>
</annotation>