<annotation>
	<folder>train</folder>
	<filename>184.jpg</filename>
	<path>C:\Users\tnk05\OneDrive\camera\images\train\184.jpg</path>
	<source>
		<database>Unknown</database>
	</source>
	<size>
		<width>640</width>
		<height>480</height>
		<depth>3</depth>
	</size>
	<segmented>0</segmented>
	<object>
		<name>Ebi</name>
		<pose>Unspecified</pose>
		<truncated>0</truncated>
		<difficult>0</difficult>
		<bndbox>
			<xmin>363</xmin>
			<ymin>56</ymin>
			<xmax>493</xmax>
			<ymax>154</ymax>
		</bndbox>
	</object>
	<object>
		<name>Yuzu</name>
		<pose>Unspecified</pose>
		<truncated>1</truncated>
		<difficult>0</difficult>
		<bndbox>
			<xmin>290</xmin>
			<ymin>1</ymin>
			<xmax>382</xmax>
			<ymax>64</ymax>
		</bndbox>
	</object>
	<object>
		<name>Nori</name>
		<pose>Unspecified</pose>
		<truncated>0</truncated>
		<difficult>0</difficult>
		<bndbox>
			<xmin>221</xmin>
			<ymin>73</ymin>
			<xmax>350</xmax>
			<ymax>191</ymax>
		</bndbox>
	</object>
</annotation>