<annotation>
	<folder>train</folder>
	<filename>186.jpg</filename>
	<path>C:\Users\tnk05\OneDrive\camera\images\train\186.jpg</path>
	<source>
		<database>Unknown</database>
	</source>
	<size>
		<width>640</width>
		<height>480</height>
		<depth>3</depth>
	</size>
	<segmented>0</segmented>
	<object>
		<name>Ebi</name>
		<pose>Unspecified</pose>
		<truncated>0</truncated>
		<difficult>0</difficult>
		<bndbox>
			<xmin>424</xmin>
			<ymin>221</ymin>
			<xmax>555</xmax>
			<ymax>343</ymax>
		</bndbox>
	</object>
	<object>
		<name>Yuzu</name>
		<pose>Unspecified</pose>
		<truncated>0</truncated>
		<difficult>0</difficult>
		<bndbox>
			<xmin>186</xmin>
			<ymin>91</ymin>
			<xmax>311</xmax>
			<ymax>210</ymax>
		</bndbox>
	</object>
	<object>
		<name>Nori</name>
		<pose>Unspecified</pose>
		<truncated>0</truncated>
		<difficult>0</difficult>
		<bndbox>
			<xmin>245</xmin>
			<ymin>225</ymin>
			<xmax>372</xmax>
			<ymax>359</ymax>
		</bndbox>
	</object>
</annotation>