<annotation>
	<folder>train</folder>
	<filename>189.jpg</filename>
	<path>C:\Users\tnk05\OneDrive\camera\images\train\189.jpg</path>
	<source>
		<database>Unknown</database>
	</source>
	<size>
		<width>640</width>
		<height>480</height>
		<depth>3</depth>
	</size>
	<segmented>0</segmented>
	<object>
		<name>Ebi</name>
		<pose>Unspecified</pose>
		<truncated>1</truncated>
		<difficult>0</difficult>
		<bndbox>
			<xmin>563</xmin>
			<ymin>361</ymin>
			<xmax>640</xmax>
			<ymax>471</ymax>
		</bndbox>
	</object>
	<object>
		<name>Yuzu</name>
		<pose>Unspecified</pose>
		<truncated>0</truncated>
		<difficult>0</difficult>
		<bndbox>
			<xmin>332</xmin>
			<ymin>200</ymin>
			<xmax>468</xmax>
			<ymax>323</ymax>
		</bndbox>
	</object>
	<object>
		<name>Nori</name>
		<pose>Unspecified</pose>
		<truncated>0</truncated>
		<difficult>0</difficult>
		<bndbox>
			<xmin>383</xmin>
			<ymin>347</ymin>
			<xmax>523</xmax>
			<ymax>472</ymax>
		</bndbox>
	</object>
</annotation>