<annotation>
	<folder>train</folder>
	<filename>19.jpg</filename>
	<path>C:\Users\tnk05\OneDrive\camera\images\train\19.xml</path>
	<source>
		<database>Unknown</database>
	</source>
	<size>
		<width>640</width>
		<height>480</height>
		<depth>3</depth>
	</size>
	<segmented>0</segmented>
	<object>
		<name>Ebi</name>
		<pose>Unspecified</pose>
		<truncated>0</truncated>
		<difficult>0</difficult>
		<bndbox>
			<xmin>97</xmin>
			<ymin>198</ymin>
			<xmax>243</xmax>
			<ymax>351</ymax>
		</bndbox>
	</object>
	<object>
		<name>Yuzu</name>
		<pose>Unspecified</pose>
		<truncated>0</truncated>
		<difficult>0</difficult>
		<bndbox>
			<xmin>172</xmin>
			<ymin>361</ymin>
			<xmax>391</xmax>
			<ymax>479</ymax>
		</bndbox>
	</object>
</annotation>