<annotation>
	<folder>train</folder>
	<filename>190.jpg</filename>
	<path>C:\Users\tnk05\OneDrive\camera\images\train\190.jpg</path>
	<source>
		<database>Unknown</database>
	</source>
	<size>
		<width>640</width>
		<height>480</height>
		<depth>3</depth>
	</size>
	<segmented>0</segmented>
	<object>
		<name>Ebi</name>
		<pose>Unspecified</pose>
		<truncated>0</truncated>
		<difficult>0</difficult>
		<bndbox>
			<xmin>474</xmin>
			<ymin>174</ymin>
			<xmax>597</xmax>
			<ymax>297</ymax>
		</bndbox>
	</object>
	<object>
		<name>Yuzu</name>
		<pose>Unspecified</pose>
		<truncated>0</truncated>
		<difficult>0</difficult>
		<bndbox>
			<xmin>124</xmin>
			<ymin>213</ymin>
			<xmax>243</xmax>
			<ymax>342</ymax>
		</bndbox>
	</object>
</annotation>