<annotation>
	<folder>train</folder>
	<filename>193.jpg</filename>
	<path>C:\Users\tnk05\OneDrive\camera\images\train\193.jpg</path>
	<source>
		<database>Unknown</database>
	</source>
	<size>
		<width>640</width>
		<height>480</height>
		<depth>3</depth>
	</size>
	<segmented>0</segmented>
	<object>
		<name>Yuzu</name>
		<pose>Unspecified</pose>
		<truncated>0</truncated>
		<difficult>0</difficult>
		<bndbox>
			<xmin>313</xmin>
			<ymin>272</ymin>
			<xmax>463</xmax>
			<ymax>402</ymax>
		</bndbox>
	</object>
</annotation>