<annotation>
	<folder>train</folder>
	<filename>2.jpg</filename>
	<path>C:\Users\tnk05\OneDrive\camera\images\train\2.xml</path>
	<source>
		<database>Unknown</database>
	</source>
	<size>
		<width>640</width>
		<height>480</height>
		<depth>3</depth>
	</size>
	<segmented>0</segmented>
	<object>
		<name>Nori</name>
		<pose>Unspecified</pose>
		<truncated>0</truncated>
		<difficult>0</difficult>
		<bndbox>
			<xmin>122</xmin>
			<ymin>206</ymin>
			<xmax>280</xmax>
			<ymax>345</ymax>
		</bndbox>
	</object>
	<object>
		<name>Ebi</name>
		<pose>Unspecified</pose>
		<truncated>1</truncated>
		<difficult>0</difficult>
		<bndbox>
			<xmin>96</xmin>
			<ymin>400</ymin>
			<xmax>274</xmax>
			<ymax>480</ymax>
		</bndbox>
	</object>
</annotation>