<annotation>
	<folder>train</folder>
	<filename>20.jpg</filename>
	<path>C:\Users\tnk05\OneDrive\camera\images\train\20.xml</path>
	<source>
		<database>Unknown</database>
	</source>
	<size>
		<width>640</width>
		<height>480</height>
		<depth>3</depth>
	</size>
	<segmented>0</segmented>
	<object>
		<name>Ebi</name>
		<pose>Unspecified</pose>
		<truncated>0</truncated>
		<difficult>0</difficult>
		<bndbox>
			<xmin>156</xmin>
			<ymin>204</ymin>
			<xmax>358</xmax>
			<ymax>400</ymax>
		</bndbox>
	</object>
	<object>
		<name>Yuzu</name>
		<pose>Unspecified</pose>
		<truncated>1</truncated>
		<difficult>0</difficult>
		<bndbox>
			<xmin>14</xmin>
			<ymin>338</ymin>
			<xmax>218</xmax>
			<ymax>480</ymax>
		</bndbox>
	</object>
</annotation>