<annotation>
	<folder>train</folder>
	<filename>200.jpg</filename>
	<path>C:\Users\tnk05\OneDrive\camera\images\train\200.jpg</path>
	<source>
		<database>Unknown</database>
	</source>
	<size>
		<width>640</width>
		<height>480</height>
		<depth>3</depth>
	</size>
	<segmented>0</segmented>
	<object>
		<name>Ebi</name>
		<pose>Unspecified</pose>
		<truncated>0</truncated>
		<difficult>0</difficult>
		<bndbox>
			<xmin>171</xmin>
			<ymin>312</ymin>
			<xmax>343</xmax>
			<ymax>464</ymax>
		</bndbox>
	</object>
	<object>
		<name>Nori</name>
		<pose>Unspecified</pose>
		<truncated>1</truncated>
		<difficult>0</difficult>
		<bndbox>
			<xmin>189</xmin>
			<ymin>1</ymin>
			<xmax>364</xmax>
			<ymax>151</ymax>
		</bndbox>
	</object>
</annotation>