<annotation>
	<folder>train</folder>
	<filename>201.jpg</filename>
	<path>C:\Users\tnk05\OneDrive\camera\images\train\201.jpg</path>
	<source>
		<database>Unknown</database>
	</source>
	<size>
		<width>640</width>
		<height>480</height>
		<depth>3</depth>
	</size>
	<segmented>0</segmented>
	<object>
		<name>Yuzu</name>
		<pose>Unspecified</pose>
		<truncated>0</truncated>
		<difficult>0</difficult>
		<bndbox>
			<xmin>295</xmin>
			<ymin>267</ymin>
			<xmax>450</xmax>
			<ymax>421</ymax>
		</bndbox>
	</object>
</annotation>