<annotation>
	<folder>train</folder>
	<filename>204.jpg</filename>
	<path>C:\Users\tnk05\OneDrive\camera\images\train\204.jpg</path>
	<source>
		<database>Unknown</database>
	</source>
	<size>
		<width>640</width>
		<height>480</height>
		<depth>3</depth>
	</size>
	<segmented>0</segmented>
	<object>
		<name>Ebi</name>
		<pose>Unspecified</pose>
		<truncated>1</truncated>
		<difficult>0</difficult>
		<bndbox>
			<xmin>251</xmin>
			<ymin>405</ymin>
			<xmax>390</xmax>
			<ymax>480</ymax>
		</bndbox>
	</object>
	<object>
		<name>Yuzu</name>
		<pose>Unspecified</pose>
		<truncated>0</truncated>
		<difficult>0</difficult>
		<bndbox>
			<xmin>169</xmin>
			<ymin>216</ymin>
			<xmax>326</xmax>
			<ymax>354</ymax>
		</bndbox>
	</object>
</annotation>