<annotation>
	<folder>train</folder>
	<filename>206.jpg</filename>
	<path>C:\Users\tnk05\OneDrive\camera\images\train\206.jpg</path>
	<source>
		<database>Unknown</database>
	</source>
	<size>
		<width>640</width>
		<height>480</height>
		<depth>3</depth>
	</size>
	<segmented>0</segmented>
	<object>
		<name>Yuzu</name>
		<pose>Unspecified</pose>
		<truncated>0</truncated>
		<difficult>0</difficult>
		<bndbox>
			<xmin>459</xmin>
			<ymin>139</ymin>
			<xmax>621</xmax>
			<ymax>282</ymax>
		</bndbox>
	</object>
	<object>
		<name>Nori</name>
		<pose>Unspecified</pose>
		<truncated>1</truncated>
		<difficult>0</difficult>
		<bndbox>
			<xmin>244</xmin>
			<ymin>407</ymin>
			<xmax>391</xmax>
			<ymax>480</ymax>
		</bndbox>
	</object>
</annotation>