<annotation>
	<folder>train</folder>
	<filename>207.jpg</filename>
	<path>C:\Users\tnk05\OneDrive\camera\images\train\207.jpg</path>
	<source>
		<database>Unknown</database>
	</source>
	<size>
		<width>640</width>
		<height>480</height>
		<depth>3</depth>
	</size>
	<segmented>0</segmented>
	<object>
		<name>Ebi</name>
		<pose>Unspecified</pose>
		<truncated>0</truncated>
		<difficult>0</difficult>
		<bndbox>
			<xmin>281</xmin>
			<ymin>255</ymin>
			<xmax>423</xmax>
			<ymax>409</ymax>
		</bndbox>
	</object>
	<object>
		<name>Yuzu</name>
		<pose>Unspecified</pose>
		<truncated>0</truncated>
		<difficult>0</difficult>
		<bndbox>
			<xmin>201</xmin>
			<ymin>63</ymin>
			<xmax>374</xmax>
			<ymax>206</ymax>
		</bndbox>
	</object>
	<object>
		<name>Nori</name>
		<pose>Unspecified</pose>
		<truncated>1</truncated>
		<difficult>0</difficult>
		<bndbox>
			<xmin>1</xmin>
			<ymin>291</ymin>
			<xmax>88</xmax>
			<ymax>455</ymax>
		</bndbox>
	</object>
</annotation>