<annotation>
	<folder>train</folder>
	<filename>21.jpg</filename>
	<path>C:\Users\tnk05\OneDrive\camera\images\train\21.xml</path>
	<source>
		<database>Unknown</database>
	</source>
	<size>
		<width>640</width>
		<height>480</height>
		<depth>3</depth>
	</size>
	<segmented>0</segmented>
	<object>
		<name>Ebi</name>
		<pose>Unspecified</pose>
		<truncated>1</truncated>
		<difficult>0</difficult>
		<bndbox>
			<xmin>1</xmin>
			<ymin>131</ymin>
			<xmax>163</xmax>
			<ymax>384</ymax>
		</bndbox>
	</object>
</annotation>