<annotation>
	<folder>train</folder>
	<filename>216.jpg</filename>
	<path>C:\Users\tnk05\OneDrive\camera\images\train\216.jpg</path>
	<source>
		<database>Unknown</database>
	</source>
	<size>
		<width>640</width>
		<height>480</height>
		<depth>3</depth>
	</size>
	<segmented>0</segmented>
	<object>
		<name>Ebi</name>
		<pose>Unspecified</pose>
		<truncated>0</truncated>
		<difficult>0</difficult>
		<bndbox>
			<xmin>194</xmin>
			<ymin>342</ymin>
			<xmax>360</xmax>
			<ymax>472</ymax>
		</bndbox>
	</object>
	<object>
		<name>Nori</name>
		<pose>Unspecified</pose>
		<truncated>0</truncated>
		<difficult>0</difficult>
		<bndbox>
			<xmin>40</xmin>
			<ymin>322</ymin>
			<xmax>176</xmax>
			<ymax>469</ymax>
		</bndbox>
	</object>
</annotation>