<annotation>
	<folder>train</folder>
	<filename>217.jpg</filename>
	<path>C:\Users\tnk05\OneDrive\camera\images\train\217.jpg</path>
	<source>
		<database>Unknown</database>
	</source>
	<size>
		<width>640</width>
		<height>480</height>
		<depth>3</depth>
	</size>
	<segmented>0</segmented>
	<object>
		<name>Ebi</name>
		<pose>Unspecified</pose>
		<truncated>0</truncated>
		<difficult>0</difficult>
		<bndbox>
			<xmin>493</xmin>
			<ymin>364</ymin>
			<xmax>607</xmax>
			<ymax>466</ymax>
		</bndbox>
	</object>
	<object>
		<name>Yuzu</name>
		<pose>Unspecified</pose>
		<truncated>0</truncated>
		<difficult>0</difficult>
		<bndbox>
			<xmin>204</xmin>
			<ymin>351</ymin>
			<xmax>318</xmax>
			<ymax>448</ymax>
		</bndbox>
	</object>
	<object>
		<name>Nori</name>
		<pose>Unspecified</pose>
		<truncated>0</truncated>
		<difficult>0</difficult>
		<bndbox>
			<xmin>387</xmin>
			<ymin>377</ymin>
			<xmax>497</xmax>
			<ymax>475</ymax>
		</bndbox>
	</object>
</annotation>