<annotation>
	<folder>train</folder>
	<filename>22.jpg</filename>
	<path>C:\Users\tnk05\OneDrive\camera\images\train\22.xml</path>
	<source>
		<database>Unknown</database>
	</source>
	<size>
		<width>640</width>
		<height>480</height>
		<depth>3</depth>
	</size>
	<segmented>0</segmented>
	<object>
		<name>Ebi</name>
		<pose>Unspecified</pose>
		<truncated>0</truncated>
		<difficult>0</difficult>
		<bndbox>
			<xmin>40</xmin>
			<ymin>144</ymin>
			<xmax>241</xmax>
			<ymax>365</ymax>
		</bndbox>
	</object>
	<object>
		<name>Yuzu</name>
		<pose>Unspecified</pose>
		<truncated>1</truncated>
		<difficult>0</difficult>
		<bndbox>
			<xmin>1</xmin>
			<ymin>311</ymin>
			<xmax>119</xmax>
			<ymax>463</ymax>
		</bndbox>
	</object>
</annotation>