<annotation>
	<folder>train</folder>
	<filename>223.jpg</filename>
	<path>C:\Users\tnk05\OneDrive\camera\images\train\223.jpg</path>
	<source>
		<database>Unknown</database>
	</source>
	<size>
		<width>640</width>
		<height>480</height>
		<depth>3</depth>
	</size>
	<segmented>0</segmented>
	<object>
		<name>Ebi</name>
		<pose>Unspecified</pose>
		<truncated>1</truncated>
		<difficult>0</difficult>
		<bndbox>
			<xmin>536</xmin>
			<ymin>162</ymin>
			<xmax>640</xmax>
			<ymax>306</ymax>
		</bndbox>
	</object>
	<object>
		<name>Yuzu</name>
		<pose>Unspecified</pose>
		<truncated>0</truncated>
		<difficult>0</difficult>
		<bndbox>
			<xmin>88</xmin>
			<ymin>206</ymin>
			<xmax>243</xmax>
			<ymax>350</ymax>
		</bndbox>
	</object>
	<object>
		<name>Nori</name>
		<pose>Unspecified</pose>
		<truncated>0</truncated>
		<difficult>0</difficult>
		<bndbox>
			<xmin>356</xmin>
			<ymin>204</ymin>
			<xmax>524</xmax>
			<ymax>384</ymax>
		</bndbox>
	</object>
</annotation>