<annotation>
	<folder>train</folder>
	<filename>225.jpg</filename>
	<path>C:\Users\tnk05\OneDrive\camera\images\train\225.jpg</path>
	<source>
		<database>Unknown</database>
	</source>
	<size>
		<width>640</width>
		<height>480</height>
		<depth>3</depth>
	</size>
	<segmented>0</segmented>
	<object>
		<name>Ebi</name>
		<pose>Unspecified</pose>
		<truncated>0</truncated>
		<difficult>0</difficult>
		<bndbox>
			<xmin>454</xmin>
			<ymin>273</ymin>
			<xmax>566</xmax>
			<ymax>380</ymax>
		</bndbox>
	</object>
	<object>
		<name>Yuzu</name>
		<pose>Unspecified</pose>
		<truncated>0</truncated>
		<difficult>0</difficult>
		<bndbox>
			<xmin>148</xmin>
			<ymin>290</ymin>
			<xmax>268</xmax>
			<ymax>389</ymax>
		</bndbox>
	</object>
	<object>
		<name>Nori</name>
		<pose>Unspecified</pose>
		<truncated>0</truncated>
		<difficult>0</difficult>
		<bndbox>
			<xmin>340</xmin>
			<ymin>291</ymin>
			<xmax>445</xmax>
			<ymax>417</ymax>
		</bndbox>
	</object>
</annotation>