<annotation>
	<folder>train</folder>
	<filename>229.jpg</filename>
	<path>C:\Users\tnk05\OneDrive\camera\images\train\229.jpg</path>
	<source>
		<database>Unknown</database>
	</source>
	<size>
		<width>640</width>
		<height>480</height>
		<depth>3</depth>
	</size>
	<segmented>0</segmented>
	<object>
		<name>Ebi</name>
		<pose>Unspecified</pose>
		<truncated>0</truncated>
		<difficult>0</difficult>
		<bndbox>
			<xmin>384</xmin>
			<ymin>351</ymin>
			<xmax>534</xmax>
			<ymax>475</ymax>
		</bndbox>
	</object>
	<object>
		<name>Yuzu</name>
		<pose>Unspecified</pose>
		<truncated>0</truncated>
		<difficult>0</difficult>
		<bndbox>
			<xmin>314</xmin>
			<ymin>137</ymin>
			<xmax>474</xmax>
			<ymax>294</ymax>
		</bndbox>
	</object>
	<object>
		<name>Nori</name>
		<pose>Unspecified</pose>
		<truncated>0</truncated>
		<difficult>0</difficult>
		<bndbox>
			<xmin>219</xmin>
			<ymin>344</ymin>
			<xmax>371</xmax>
			<ymax>478</ymax>
		</bndbox>
	</object>
</annotation>