<annotation>
	<folder>train</folder>
	<filename>23.jpg</filename>
	<path>C:\Users\tnk05\OneDrive\camera\images\train\23.xml</path>
	<source>
		<database>Unknown</database>
	</source>
	<size>
		<width>640</width>
		<height>480</height>
		<depth>3</depth>
	</size>
	<segmented>0</segmented>
	<object>
		<name>Ebi</name>
		<pose>Unspecified</pose>
		<truncated>0</truncated>
		<difficult>0</difficult>
		<bndbox>
			<xmin>384</xmin>
			<ymin>258</ymin>
			<xmax>543</xmax>
			<ymax>428</ymax>
		</bndbox>
	</object>
	<object>
		<name>Yuzu</name>
		<pose>Unspecified</pose>
		<truncated>1</truncated>
		<difficult>0</difficult>
		<bndbox>
			<xmin>229</xmin>
			<ymin>337</ymin>
			<xmax>421</xmax>
			<ymax>480</ymax>
		</bndbox>
	</object>
</annotation>