<annotation>
	<folder>train</folder>
	<filename>230.jpg</filename>
	<path>C:\Users\tnk05\OneDrive\camera\images\train\230.jpg</path>
	<source>
		<database>Unknown</database>
	</source>
	<size>
		<width>640</width>
		<height>480</height>
		<depth>3</depth>
	</size>
	<segmented>0</segmented>
	<object>
		<name>Ebi</name>
		<pose>Unspecified</pose>
		<truncated>0</truncated>
		<difficult>0</difficult>
		<bndbox>
			<xmin>273</xmin>
			<ymin>343</ymin>
			<xmax>423</xmax>
			<ymax>478</ymax>
		</bndbox>
	</object>
	<object>
		<name>Yuzu</name>
		<pose>Unspecified</pose>
		<truncated>0</truncated>
		<difficult>0</difficult>
		<bndbox>
			<xmin>206</xmin>
			<ymin>117</ymin>
			<xmax>363</xmax>
			<ymax>268</ymax>
		</bndbox>
	</object>
	<object>
		<name>Nori</name>
		<pose>Unspecified</pose>
		<truncated>1</truncated>
		<difficult>0</difficult>
		<bndbox>
			<xmin>86</xmin>
			<ymin>340</ymin>
			<xmax>262</xmax>
			<ymax>480</ymax>
		</bndbox>
	</object>
</annotation>