<annotation>
	<folder>train</folder>
	<filename>231.jpg</filename>
	<path>C:\Users\tnk05\OneDrive\camera\images\train\231.jpg</path>
	<source>
		<database>Unknown</database>
	</source>
	<size>
		<width>640</width>
		<height>480</height>
		<depth>3</depth>
	</size>
	<segmented>0</segmented>
	<object>
		<name>Ebi</name>
		<pose>Unspecified</pose>
		<truncated>0</truncated>
		<difficult>0</difficult>
		<bndbox>
			<xmin>474</xmin>
			<ymin>357</ymin>
			<xmax>596</xmax>
			<ymax>478</ymax>
		</bndbox>
	</object>
	<object>
		<name>Yuzu</name>
		<pose>Unspecified</pose>
		<truncated>0</truncated>
		<difficult>0</difficult>
		<bndbox>
			<xmin>353</xmin>
			<ymin>158</ymin>
			<xmax>501</xmax>
			<ymax>302</ymax>
		</bndbox>
	</object>
	<object>
		<name>Nori</name>
		<pose>Unspecified</pose>
		<truncated>1</truncated>
		<difficult>0</difficult>
		<bndbox>
			<xmin>306</xmin>
			<ymin>364</ymin>
			<xmax>464</xmax>
			<ymax>480</ymax>
		</bndbox>
	</object>
</annotation>