<annotation>
	<folder>train</folder>
	<filename>233.jpg</filename>
	<path>C:\Users\tnk05\OneDrive\camera\images\train\233.jpg</path>
	<source>
		<database>Unknown</database>
	</source>
	<size>
		<width>640</width>
		<height>480</height>
		<depth>3</depth>
	</size>
	<segmented>0</segmented>
	<object>
		<name>Ebi</name>
		<pose>Unspecified</pose>
		<truncated>0</truncated>
		<difficult>0</difficult>
		<bndbox>
			<xmin>504</xmin>
			<ymin>325</ymin>
			<xmax>634</xmax>
			<ymax>470</ymax>
		</bndbox>
	</object>
	<object>
		<name>Yuzu</name>
		<pose>Unspecified</pose>
		<truncated>0</truncated>
		<difficult>0</difficult>
		<bndbox>
			<xmin>330</xmin>
			<ymin>300</ymin>
			<xmax>466</xmax>
			<ymax>433</ymax>
		</bndbox>
	</object>
</annotation>