<annotation>
	<folder>train</folder>
	<filename>236.jpg</filename>
	<path>C:\Users\tnk05\OneDrive\camera\images\train\236.jpg</path>
	<source>
		<database>Unknown</database>
	</source>
	<size>
		<width>640</width>
		<height>480</height>
		<depth>3</depth>
	</size>
	<segmented>0</segmented>
	<object>
		<name>Ebi</name>
		<pose>Unspecified</pose>
		<truncated>0</truncated>
		<difficult>0</difficult>
		<bndbox>
			<xmin>423</xmin>
			<ymin>317</ymin>
			<xmax>562</xmax>
			<ymax>465</ymax>
		</bndbox>
	</object>
	<object>
		<name>Yuzu</name>
		<pose>Unspecified</pose>
		<truncated>0</truncated>
		<difficult>0</difficult>
		<bndbox>
			<xmin>219</xmin>
			<ymin>287</ymin>
			<xmax>371</xmax>
			<ymax>426</ymax>
		</bndbox>
	</object>
</annotation>