<annotation>
	<folder>train</folder>
	<filename>237.jpg</filename>
	<path>C:\Users\tnk05\OneDrive\camera\images\train\237.jpg</path>
	<source>
		<database>Unknown</database>
	</source>
	<size>
		<width>640</width>
		<height>480</height>
		<depth>3</depth>
	</size>
	<segmented>0</segmented>
	<object>
		<name>Yuzu</name>
		<pose>Unspecified</pose>
		<truncated>0</truncated>
		<difficult>0</difficult>
		<bndbox>
			<xmin>392</xmin>
			<ymin>324</ymin>
			<xmax>549</xmax>
			<ymax>470</ymax>
		</bndbox>
	</object>
</annotation>