<annotation>
	<folder>train</folder>
	<filename>238.jpg</filename>
	<path>C:\Users\tnk05\OneDrive\camera\images\train\238.jpg</path>
	<source>
		<database>Unknown</database>
	</source>
	<size>
		<width>640</width>
		<height>480</height>
		<depth>3</depth>
	</size>
	<segmented>0</segmented>
	<object>
		<name>Yuzu</name>
		<pose>Unspecified</pose>
		<truncated>0</truncated>
		<difficult>0</difficult>
		<bndbox>
			<xmin>57</xmin>
			<ymin>374</ymin>
			<xmax>219</xmax>
			<ymax>477</ymax>
		</bndbox>
	</object>
</annotation>