<annotation>
	<folder>train</folder>
	<filename>240.jpg</filename>
	<path>C:\Users\tnk05\OneDrive\camera\images\train\240.jpg</path>
	<source>
		<database>Unknown</database>
	</source>
	<size>
		<width>640</width>
		<height>480</height>
		<depth>3</depth>
	</size>
	<segmented>0</segmented>
	<object>
		<name>Ebi</name>
		<pose>Unspecified</pose>
		<truncated>0</truncated>
		<difficult>0</difficult>
		<bndbox>
			<xmin>355</xmin>
			<ymin>354</ymin>
			<xmax>462</xmax>
			<ymax>457</ymax>
		</bndbox>
	</object>
	<object>
		<name>Yuzu</name>
		<pose>Unspecified</pose>
		<truncated>0</truncated>
		<difficult>0</difficult>
		<bndbox>
			<xmin>252</xmin>
			<ymin>320</ymin>
			<xmax>342</xmax>
			<ymax>420</ymax>
		</bndbox>
	</object>
</annotation>