<annotation>
	<folder>train</folder>
	<filename>241.jpg</filename>
	<path>C:\Users\tnk05\OneDrive\camera\images\train\241.jpg</path>
	<source>
		<database>Unknown</database>
	</source>
	<size>
		<width>640</width>
		<height>480</height>
		<depth>3</depth>
	</size>
	<segmented>0</segmented>
	<object>
		<name>Ebi</name>
		<pose>Unspecified</pose>
		<truncated>0</truncated>
		<difficult>0</difficult>
		<bndbox>
			<xmin>494</xmin>
			<ymin>324</ymin>
			<xmax>613</xmax>
			<ymax>444</ymax>
		</bndbox>
	</object>
	<object>
		<name>Yuzu</name>
		<pose>Unspecified</pose>
		<truncated>0</truncated>
		<difficult>0</difficult>
		<bndbox>
			<xmin>343</xmin>
			<ymin>300</ymin>
			<xmax>460</xmax>
			<ymax>417</ymax>
		</bndbox>
	</object>
</annotation>