<annotation>
	<folder>train</folder>
	<filename>242.jpg</filename>
	<path>C:\Users\tnk05\OneDrive\camera\images\train\242.jpg</path>
	<source>
		<database>Unknown</database>
	</source>
	<size>
		<width>640</width>
		<height>480</height>
		<depth>3</depth>
	</size>
	<segmented>0</segmented>
	<object>
		<name>Nori</name>
		<pose>Unspecified</pose>
		<truncated>0</truncated>
		<difficult>0</difficult>
		<bndbox>
			<xmin>5</xmin>
			<ymin>42</ymin>
			<xmax>99</xmax>
			<ymax>132</ymax>
		</bndbox>
	</object>
</annotation>