<annotation>
	<folder>train</folder>
	<filename>245.jpg</filename>
	<path>C:\Users\tnk05\OneDrive\camera\images\train\245.jpg</path>
	<source>
		<database>Unknown</database>
	</source>
	<size>
		<width>640</width>
		<height>480</height>
		<depth>3</depth>
	</size>
	<segmented>0</segmented>
	<object>
		<name>Ebi</name>
		<pose>Unspecified</pose>
		<truncated>0</truncated>
		<difficult>0</difficult>
		<bndbox>
			<xmin>397</xmin>
			<ymin>212</ymin>
			<xmax>590</xmax>
			<ymax>408</ymax>
		</bndbox>
	</object>
	<object>
		<name>Yuzu</name>
		<pose>Unspecified</pose>
		<truncated>0</truncated>
		<difficult>0</difficult>
		<bndbox>
			<xmin>166</xmin>
			<ymin>175</ymin>
			<xmax>351</xmax>
			<ymax>385</ymax>
		</bndbox>
	</object>
</annotation>