<annotation>
	<folder>train</folder>
	<filename>249.jpg</filename>
	<path>C:\Users\tnk05\OneDrive\camera\images\train\249.jpg</path>
	<source>
		<database>Unknown</database>
	</source>
	<size>
		<width>640</width>
		<height>480</height>
		<depth>3</depth>
	</size>
	<segmented>0</segmented>
	<object>
		<name>Ebi</name>
		<pose>Unspecified</pose>
		<truncated>0</truncated>
		<difficult>0</difficult>
		<bndbox>
			<xmin>347</xmin>
			<ymin>309</ymin>
			<xmax>467</xmax>
			<ymax>428</ymax>
		</bndbox>
	</object>
	<object>
		<name>Yuzu</name>
		<pose>Unspecified</pose>
		<truncated>0</truncated>
		<difficult>0</difficult>
		<bndbox>
			<xmin>184</xmin>
			<ymin>292</ymin>
			<xmax>306</xmax>
			<ymax>412</ymax>
		</bndbox>
	</object>
</annotation>