<annotation>
	<folder>train</folder>
	<filename>250.jpg</filename>
	<path>C:\Users\tnk05\OneDrive\camera\images\train\250.jpg</path>
	<source>
		<database>Unknown</database>
	</source>
	<size>
		<width>640</width>
		<height>480</height>
		<depth>3</depth>
	</size>
	<segmented>0</segmented>
	<object>
		<name>Ebi</name>
		<pose>Unspecified</pose>
		<truncated>0</truncated>
		<difficult>0</difficult>
		<bndbox>
			<xmin>313</xmin>
			<ymin>349</ymin>
			<xmax>451</xmax>
			<ymax>473</ymax>
		</bndbox>
	</object>
	<object>
		<name>Yuzu</name>
		<pose>Unspecified</pose>
		<truncated>0</truncated>
		<difficult>0</difficult>
		<bndbox>
			<xmin>119</xmin>
			<ymin>334</ymin>
			<xmax>273</xmax>
			<ymax>458</ymax>
		</bndbox>
	</object>
</annotation>