<annotation>
	<folder>train</folder>
	<filename>252.jpg</filename>
	<path>C:\Users\tnk05\OneDrive\camera\images\train\252.jpg</path>
	<source>
		<database>Unknown</database>
	</source>
	<size>
		<width>640</width>
		<height>480</height>
		<depth>3</depth>
	</size>
	<segmented>0</segmented>
	<object>
		<name>Yuzu</name>
		<pose>Unspecified</pose>
		<truncated>1</truncated>
		<difficult>0</difficult>
		<bndbox>
			<xmin>100</xmin>
			<ymin>400</ymin>
			<xmax>223</xmax>
			<ymax>480</ymax>
		</bndbox>
	</object>
	<object>
		<name>Nori</name>
		<pose>Unspecified</pose>
		<truncated>0</truncated>
		<difficult>0</difficult>
		<bndbox>
			<xmin>198</xmin>
			<ymin>256</ymin>
			<xmax>339</xmax>
			<ymax>384</ymax>
		</bndbox>
	</object>
</annotation>