<annotation>
	<folder>train</folder>
	<filename>255.jpg</filename>
	<path>C:\Users\tnk05\OneDrive\camera\images\train\255.jpg</path>
	<source>
		<database>Unknown</database>
	</source>
	<size>
		<width>640</width>
		<height>480</height>
		<depth>3</depth>
	</size>
	<segmented>0</segmented>
	<object>
		<name>Ebi</name>
		<pose>Unspecified</pose>
		<truncated>0</truncated>
		<difficult>0</difficult>
		<bndbox>
			<xmin>477</xmin>
			<ymin>333</ymin>
			<xmax>594</xmax>
			<ymax>445</ymax>
		</bndbox>
	</object>
	<object>
		<name>Yuzu</name>
		<pose>Unspecified</pose>
		<truncated>0</truncated>
		<difficult>0</difficult>
		<bndbox>
			<xmin>331</xmin>
			<ymin>317</ymin>
			<xmax>436</xmax>
			<ymax>415</ymax>
		</bndbox>
	</object>
	<object>
		<name>Nori</name>
		<pose>Unspecified</pose>
		<truncated>0</truncated>
		<difficult>0</difficult>
		<bndbox>
			<xmin>371</xmin>
			<ymin>172</ymin>
			<xmax>487</xmax>
			<ymax>291</ymax>
		</bndbox>
	</object>
</annotation>