<annotation>
	<folder>train</folder>
	<filename>256.jpg</filename>
	<path>C:\Users\tnk05\OneDrive\camera\images\train\256.jpg</path>
	<source>
		<database>Unknown</database>
	</source>
	<size>
		<width>640</width>
		<height>480</height>
		<depth>3</depth>
	</size>
	<segmented>0</segmented>
	<object>
		<name>Ebi</name>
		<pose>Unspecified</pose>
		<truncated>0</truncated>
		<difficult>0</difficult>
		<bndbox>
			<xmin>399</xmin>
			<ymin>354</ymin>
			<xmax>530</xmax>
			<ymax>457</ymax>
		</bndbox>
	</object>
	<object>
		<name>Yuzu</name>
		<pose>Unspecified</pose>
		<truncated>0</truncated>
		<difficult>0</difficult>
		<bndbox>
			<xmin>250</xmin>
			<ymin>316</ymin>
			<xmax>357</xmax>
			<ymax>426</ymax>
		</bndbox>
	</object>
	<object>
		<name>Nori</name>
		<pose>Unspecified</pose>
		<truncated>0</truncated>
		<difficult>0</difficult>
		<bndbox>
			<xmin>315</xmin>
			<ymin>187</ymin>
			<xmax>437</xmax>
			<ymax>306</ymax>
		</bndbox>
	</object>
</annotation>