<annotation>
	<folder>train</folder>
	<filename>257.jpg</filename>
	<path>C:\Users\tnk05\OneDrive\camera\images\train\257.jpg</path>
	<source>
		<database>Unknown</database>
	</source>
	<size>
		<width>640</width>
		<height>480</height>
		<depth>3</depth>
	</size>
	<segmented>0</segmented>
	<object>
		<name>Ebi</name>
		<pose>Unspecified</pose>
		<truncated>0</truncated>
		<difficult>0</difficult>
		<bndbox>
			<xmin>416</xmin>
			<ymin>233</ymin>
			<xmax>549</xmax>
			<ymax>370</ymax>
		</bndbox>
	</object>
	<object>
		<name>Yuzu</name>
		<pose>Unspecified</pose>
		<truncated>0</truncated>
		<difficult>0</difficult>
		<bndbox>
			<xmin>248</xmin>
			<ymin>202</ymin>
			<xmax>374</xmax>
			<ymax>329</ymax>
		</bndbox>
	</object>
	<object>
		<name>Nori</name>
		<pose>Unspecified</pose>
		<truncated>0</truncated>
		<difficult>0</difficult>
		<bndbox>
			<xmin>320</xmin>
			<ymin>61</ymin>
			<xmax>456</xmax>
			<ymax>184</ymax>
		</bndbox>
	</object>
</annotation>