<annotation>
	<folder>train</folder>
	<filename>26.jpg</filename>
	<path>C:\Users\tnk05\OneDrive\camera\images\train\26.xml</path>
	<source>
		<database>Unknown</database>
	</source>
	<size>
		<width>640</width>
		<height>480</height>
		<depth>3</depth>
	</size>
	<segmented>0</segmented>
	<object>
		<name>Ebi</name>
		<pose>Unspecified</pose>
		<truncated>0</truncated>
		<difficult>0</difficult>
		<bndbox>
			<xmin>453</xmin>
			<ymin>256</ymin>
			<xmax>614</xmax>
			<ymax>433</ymax>
		</bndbox>
	</object>
	<object>
		<name>Yuzu</name>
		<pose>Unspecified</pose>
		<truncated>1</truncated>
		<difficult>0</difficult>
		<bndbox>
			<xmin>245</xmin>
			<ymin>324</ymin>
			<xmax>460</xmax>
			<ymax>480</ymax>
		</bndbox>
	</object>
</annotation>