<annotation>
	<folder>train</folder>
	<filename>260.jpg</filename>
	<path>C:\Users\tnk05\OneDrive\camera\images\train\260.jpg</path>
	<source>
		<database>Unknown</database>
	</source>
	<size>
		<width>640</width>
		<height>480</height>
		<depth>3</depth>
	</size>
	<segmented>0</segmented>
	<object>
		<name>Ebi</name>
		<pose>Unspecified</pose>
		<truncated>0</truncated>
		<difficult>0</difficult>
		<bndbox>
			<xmin>356</xmin>
			<ymin>277</ymin>
			<xmax>488</xmax>
			<ymax>399</ymax>
		</bndbox>
	</object>
	<object>
		<name>Yuzu</name>
		<pose>Unspecified</pose>
		<truncated>0</truncated>
		<difficult>0</difficult>
		<bndbox>
			<xmin>218</xmin>
			<ymin>242</ymin>
			<xmax>336</xmax>
			<ymax>351</ymax>
		</bndbox>
	</object>
	<object>
		<name>Nori</name>
		<pose>Unspecified</pose>
		<truncated>0</truncated>
		<difficult>0</difficult>
		<bndbox>
			<xmin>282</xmin>
			<ymin>109</ymin>
			<xmax>423</xmax>
			<ymax>229</ymax>
		</bndbox>
	</object>
</annotation>