<annotation>
	<folder>train</folder>
	<filename>261.jpg</filename>
	<path>C:\Users\tnk05\OneDrive\camera\images\train\261.jpg</path>
	<source>
		<database>Unknown</database>
	</source>
	<size>
		<width>640</width>
		<height>480</height>
		<depth>3</depth>
	</size>
	<segmented>0</segmented>
	<object>
		<name>Ebi</name>
		<pose>Unspecified</pose>
		<truncated>0</truncated>
		<difficult>0</difficult>
		<bndbox>
			<xmin>317</xmin>
			<ymin>285</ymin>
			<xmax>434</xmax>
			<ymax>389</ymax>
		</bndbox>
	</object>
	<object>
		<name>Yuzu</name>
		<pose>Unspecified</pose>
		<truncated>0</truncated>
		<difficult>0</difficult>
		<bndbox>
			<xmin>190</xmin>
			<ymin>262</ymin>
			<xmax>293</xmax>
			<ymax>355</ymax>
		</bndbox>
	</object>
	<object>
		<name>Nori</name>
		<pose>Unspecified</pose>
		<truncated>0</truncated>
		<difficult>0</difficult>
		<bndbox>
			<xmin>254</xmin>
			<ymin>153</ymin>
			<xmax>353</xmax>
			<ymax>237</ymax>
		</bndbox>
	</object>
</annotation>