<annotation>
	<folder>train</folder>
	<filename>262.jpg</filename>
	<path>C:\Users\tnk05\OneDrive\camera\images\train\262.jpg</path>
	<source>
		<database>Unknown</database>
	</source>
	<size>
		<width>640</width>
		<height>480</height>
		<depth>3</depth>
	</size>
	<segmented>0</segmented>
	<object>
		<name>Ebi</name>
		<pose>Unspecified</pose>
		<truncated>0</truncated>
		<difficult>0</difficult>
		<bndbox>
			<xmin>352</xmin>
			<ymin>405</ymin>
			<xmax>474</xmax>
			<ymax>477</ymax>
		</bndbox>
	</object>
	<object>
		<name>Yuzu</name>
		<pose>Unspecified</pose>
		<truncated>0</truncated>
		<difficult>0</difficult>
		<bndbox>
			<xmin>310</xmin>
			<ymin>332</ymin>
			<xmax>434</xmax>
			<ymax>415</ymax>
		</bndbox>
	</object>
	<object>
		<name>Nori</name>
		<pose>Unspecified</pose>
		<truncated>0</truncated>
		<difficult>0</difficult>
		<bndbox>
			<xmin>184</xmin>
			<ymin>266</ymin>
			<xmax>323</xmax>
			<ymax>370</ymax>
		</bndbox>
	</object>
</annotation>