<annotation>
	<folder>train</folder>
	<filename>263.jpg</filename>
	<path>C:\Users\tnk05\OneDrive\camera\images\train\263.jpg</path>
	<source>
		<database>Unknown</database>
	</source>
	<size>
		<width>640</width>
		<height>480</height>
		<depth>3</depth>
	</size>
	<segmented>0</segmented>
	<object>
		<name>Ebi</name>
		<pose>Unspecified</pose>
		<truncated>0</truncated>
		<difficult>0</difficult>
		<bndbox>
			<xmin>437</xmin>
			<ymin>311</ymin>
			<xmax>552</xmax>
			<ymax>421</ymax>
		</bndbox>
	</object>
	<object>
		<name>Yuzu</name>
		<pose>Unspecified</pose>
		<truncated>0</truncated>
		<difficult>0</difficult>
		<bndbox>
			<xmin>374</xmin>
			<ymin>242</ymin>
			<xmax>483</xmax>
			<ymax>344</ymax>
		</bndbox>
	</object>
	<object>
		<name>Nori</name>
		<pose>Unspecified</pose>
		<truncated>0</truncated>
		<difficult>0</difficult>
		<bndbox>
			<xmin>249</xmin>
			<ymin>191</ymin>
			<xmax>372</xmax>
			<ymax>303</ymax>
		</bndbox>
	</object>
</annotation>