<annotation>
	<folder>train</folder>
	<filename>265.jpg</filename>
	<path>C:\Users\tnk05\OneDrive\camera\images\train\265.jpg</path>
	<source>
		<database>Unknown</database>
	</source>
	<size>
		<width>640</width>
		<height>480</height>
		<depth>3</depth>
	</size>
	<segmented>0</segmented>
	<object>
		<name>Ebi</name>
		<pose>Unspecified</pose>
		<truncated>0</truncated>
		<difficult>0</difficult>
		<bndbox>
			<xmin>490</xmin>
			<ymin>278</ymin>
			<xmax>595</xmax>
			<ymax>379</ymax>
		</bndbox>
	</object>
	<object>
		<name>Yuzu</name>
		<pose>Unspecified</pose>
		<truncated>0</truncated>
		<difficult>0</difficult>
		<bndbox>
			<xmin>427</xmin>
			<ymin>200</ymin>
			<xmax>536</xmax>
			<ymax>302</ymax>
		</bndbox>
	</object>
	<object>
		<name>Nori</name>
		<pose>Unspecified</pose>
		<truncated>0</truncated>
		<difficult>0</difficult>
		<bndbox>
			<xmin>299</xmin>
			<ymin>200</ymin>
			<xmax>410</xmax>
			<ymax>309</ymax>
		</bndbox>
	</object>
</annotation>