<annotation>
	<folder>train</folder>
	<filename>266.jpg</filename>
	<path>C:\Users\tnk05\OneDrive\camera\images\train\266.jpg</path>
	<source>
		<database>Unknown</database>
	</source>
	<size>
		<width>640</width>
		<height>480</height>
		<depth>3</depth>
	</size>
	<segmented>0</segmented>
	<object>
		<name>Ebi</name>
		<pose>Unspecified</pose>
		<truncated>0</truncated>
		<difficult>0</difficult>
		<bndbox>
			<xmin>422</xmin>
			<ymin>315</ymin>
			<xmax>543</xmax>
			<ymax>405</ymax>
		</bndbox>
	</object>
	<object>
		<name>Yuzu</name>
		<pose>Unspecified</pose>
		<truncated>0</truncated>
		<difficult>0</difficult>
		<bndbox>
			<xmin>369</xmin>
			<ymin>234</ymin>
			<xmax>494</xmax>
			<ymax>325</ymax>
		</bndbox>
	</object>
	<object>
		<name>Nori</name>
		<pose>Unspecified</pose>
		<truncated>0</truncated>
		<difficult>0</difficult>
		<bndbox>
			<xmin>249</xmin>
			<ymin>208</ymin>
			<xmax>364</xmax>
			<ymax>332</ymax>
		</bndbox>
	</object>
</annotation>