<annotation>
	<folder>train</folder>
	<filename>267.jpg</filename>
	<path>C:\Users\tnk05\OneDrive\camera\images\train\267.jpg</path>
	<source>
		<database>Unknown</database>
	</source>
	<size>
		<width>640</width>
		<height>480</height>
		<depth>3</depth>
	</size>
	<segmented>0</segmented>
	<object>
		<name>Ebi</name>
		<pose>Unspecified</pose>
		<truncated>0</truncated>
		<difficult>0</difficult>
		<bndbox>
			<xmin>358</xmin>
			<ymin>334</ymin>
			<xmax>458</xmax>
			<ymax>409</ymax>
		</bndbox>
	</object>
	<object>
		<name>Yuzu</name>
		<pose>Unspecified</pose>
		<truncated>0</truncated>
		<difficult>0</difficult>
		<bndbox>
			<xmin>322</xmin>
			<ymin>260</ymin>
			<xmax>427</xmax>
			<ymax>343</ymax>
		</bndbox>
	</object>
	<object>
		<name>Nori</name>
		<pose>Unspecified</pose>
		<truncated>0</truncated>
		<difficult>0</difficult>
		<bndbox>
			<xmin>216</xmin>
			<ymin>223</ymin>
			<xmax>322</xmax>
			<ymax>333</ymax>
		</bndbox>
	</object>
</annotation>