<annotation>
	<folder>train</folder>
	<filename>268.jpg</filename>
	<path>C:\Users\tnk05\OneDrive\camera\images\train\268.jpg</path>
	<source>
		<database>Unknown</database>
	</source>
	<size>
		<width>640</width>
		<height>480</height>
		<depth>3</depth>
	</size>
	<segmented>0</segmented>
	<object>
		<name>Ebi</name>
		<pose>Unspecified</pose>
		<truncated>0</truncated>
		<difficult>0</difficult>
		<bndbox>
			<xmin>397</xmin>
			<ymin>281</ymin>
			<xmax>513</xmax>
			<ymax>368</ymax>
		</bndbox>
	</object>
	<object>
		<name>Yuzu</name>
		<pose>Unspecified</pose>
		<truncated>0</truncated>
		<difficult>0</difficult>
		<bndbox>
			<xmin>342</xmin>
			<ymin>203</ymin>
			<xmax>466</xmax>
			<ymax>301</ymax>
		</bndbox>
	</object>
	<object>
		<name>Nori</name>
		<pose>Unspecified</pose>
		<truncated>0</truncated>
		<difficult>0</difficult>
		<bndbox>
			<xmin>229</xmin>
			<ymin>168</ymin>
			<xmax>333</xmax>
			<ymax>306</ymax>
		</bndbox>
	</object>
</annotation>