<annotation>
	<folder>train</folder>
	<filename>269.jpg</filename>
	<path>C:\Users\tnk05\OneDrive\camera\images\train\269.jpg</path>
	<source>
		<database>Unknown</database>
	</source>
	<size>
		<width>640</width>
		<height>480</height>
		<depth>3</depth>
	</size>
	<segmented>0</segmented>
	<object>
		<name>Ebi</name>
		<pose>Unspecified</pose>
		<truncated>0</truncated>
		<difficult>0</difficult>
		<bndbox>
			<xmin>288</xmin>
			<ymin>333</ymin>
			<xmax>407</xmax>
			<ymax>427</ymax>
		</bndbox>
	</object>
	<object>
		<name>Yuzu</name>
		<pose>Unspecified</pose>
		<truncated>0</truncated>
		<difficult>0</difficult>
		<bndbox>
			<xmin>263</xmin>
			<ymin>143</ymin>
			<xmax>378</xmax>
			<ymax>236</ymax>
		</bndbox>
	</object>
	<object>
		<name>Nori</name>
		<pose>Unspecified</pose>
		<truncated>0</truncated>
		<difficult>0</difficult>
		<bndbox>
			<xmin>109</xmin>
			<ymin>267</ymin>
			<xmax>218</xmax>
			<ymax>365</ymax>
		</bndbox>
	</object>
</annotation>