<annotation>
	<folder>train</folder>
	<filename>270.jpg</filename>
	<path>C:\Users\tnk05\OneDrive\camera\images\train\270.jpg</path>
	<source>
		<database>Unknown</database>
	</source>
	<size>
		<width>640</width>
		<height>480</height>
		<depth>3</depth>
	</size>
	<segmented>0</segmented>
	<object>
		<name>Yuzu</name>
		<pose>Unspecified</pose>
		<truncated>0</truncated>
		<difficult>0</difficult>
		<bndbox>
			<xmin>268</xmin>
			<ymin>306</ymin>
			<xmax>379</xmax>
			<ymax>406</ymax>
		</bndbox>
	</object>
	<object>
		<name>Nori</name>
		<pose>Unspecified</pose>
		<truncated>1</truncated>
		<difficult>0</difficult>
		<bndbox>
			<xmin>138</xmin>
			<ymin>441</ymin>
			<xmax>230</xmax>
			<ymax>480</ymax>
		</bndbox>
	</object>
</annotation>