<annotation>
	<folder>train</folder>
	<filename>271.jpg</filename>
	<path>C:\Users\tnk05\OneDrive\camera\images\train\271.jpg</path>
	<source>
		<database>Unknown</database>
	</source>
	<size>
		<width>640</width>
		<height>480</height>
		<depth>3</depth>
	</size>
	<segmented>0</segmented>
	<object>
		<name>Ebi</name>
		<pose>Unspecified</pose>
		<truncated>0</truncated>
		<difficult>0</difficult>
		<bndbox>
			<xmin>317</xmin>
			<ymin>354</ymin>
			<xmax>438</xmax>
			<ymax>457</ymax>
		</bndbox>
	</object>
	<object>
		<name>Yuzu</name>
		<pose>Unspecified</pose>
		<truncated>0</truncated>
		<difficult>0</difficult>
		<bndbox>
			<xmin>278</xmin>
			<ymin>138</ymin>
			<xmax>393</xmax>
			<ymax>256</ymax>
		</bndbox>
	</object>
	<object>
		<name>Nori</name>
		<pose>Unspecified</pose>
		<truncated>0</truncated>
		<difficult>0</difficult>
		<bndbox>
			<xmin>118</xmin>
			<ymin>274</ymin>
			<xmax>239</xmax>
			<ymax>405</ymax>
		</bndbox>
	</object>
</annotation>