<annotation>
	<folder>train</folder>
	<filename>272.jpg</filename>
	<path>C:\Users\tnk05\OneDrive\camera\images\train\272.jpg</path>
	<source>
		<database>Unknown</database>
	</source>
	<size>
		<width>640</width>
		<height>480</height>
		<depth>3</depth>
	</size>
	<segmented>0</segmented>
	<object>
		<name>Ebi</name>
		<pose>Unspecified</pose>
		<truncated>0</truncated>
		<difficult>0</difficult>
		<bndbox>
			<xmin>294</xmin>
			<ymin>304</ymin>
			<xmax>428</xmax>
			<ymax>416</ymax>
		</bndbox>
	</object>
	<object>
		<name>Yuzu</name>
		<pose>Unspecified</pose>
		<truncated>0</truncated>
		<difficult>0</difficult>
		<bndbox>
			<xmin>275</xmin>
			<ymin>96</ymin>
			<xmax>392</xmax>
			<ymax>205</ymax>
		</bndbox>
	</object>
	<object>
		<name>Nori</name>
		<pose>Unspecified</pose>
		<truncated>0</truncated>
		<difficult>0</difficult>
		<bndbox>
			<xmin>103</xmin>
			<ymin>220</ymin>
			<xmax>212</xmax>
			<ymax>349</ymax>
		</bndbox>
	</object>
</annotation>