<annotation>
	<folder>train</folder>
	<filename>274.jpg</filename>
	<path>C:\Users\tnk05\OneDrive\camera\images\train\274.jpg</path>
	<source>
		<database>Unknown</database>
	</source>
	<size>
		<width>640</width>
		<height>480</height>
		<depth>3</depth>
	</size>
	<segmented>0</segmented>
	<object>
		<name>Ebi</name>
		<pose>Unspecified</pose>
		<truncated>0</truncated>
		<difficult>0</difficult>
		<bndbox>
			<xmin>387</xmin>
			<ymin>306</ymin>
			<xmax>489</xmax>
			<ymax>402</ymax>
		</bndbox>
	</object>
	<object>
		<name>Yuzu</name>
		<pose>Unspecified</pose>
		<truncated>0</truncated>
		<difficult>0</difficult>
		<bndbox>
			<xmin>349</xmin>
			<ymin>136</ymin>
			<xmax>454</xmax>
			<ymax>222</ymax>
		</bndbox>
	</object>
	<object>
		<name>Nori</name>
		<pose>Unspecified</pose>
		<truncated>0</truncated>
		<difficult>0</difficult>
		<bndbox>
			<xmin>232</xmin>
			<ymin>255</ymin>
			<xmax>332</xmax>
			<ymax>362</ymax>
		</bndbox>
	</object>
</annotation>