<annotation>
	<folder>train</folder>
	<filename>28.jpg</filename>
	<path>C:\Users\tnk05\OneDrive\camera\images\train\28.xml</path>
	<source>
		<database>Unknown</database>
	</source>
	<size>
		<width>640</width>
		<height>480</height>
		<depth>3</depth>
	</size>
	<segmented>0</segmented>
	<object>
		<name>Nori</name>
		<pose>Unspecified</pose>
		<truncated>0</truncated>
		<difficult>0</difficult>
		<bndbox>
			<xmin>101</xmin>
			<ymin>232</ymin>
			<xmax>346</xmax>
			<ymax>465</ymax>
		</bndbox>
	</object>
</annotation>