<annotation>
	<folder>train</folder>
	<filename>285.jpg</filename>
	<path>C:\Users\tnk05\OneDrive\camera\images\train\285.jpg</path>
	<source>
		<database>Unknown</database>
	</source>
	<size>
		<width>640</width>
		<height>480</height>
		<depth>3</depth>
	</size>
	<segmented>0</segmented>
	<object>
		<name>Ebi</name>
		<pose>Unspecified</pose>
		<truncated>0</truncated>
		<difficult>0</difficult>
		<bndbox>
			<xmin>204</xmin>
			<ymin>221</ymin>
			<xmax>326</xmax>
			<ymax>346</ymax>
		</bndbox>
	</object>
	<object>
		<name>Yuzu</name>
		<pose>Unspecified</pose>
		<truncated>0</truncated>
		<difficult>0</difficult>
		<bndbox>
			<xmin>296</xmin>
			<ymin>147</ymin>
			<xmax>428</xmax>
			<ymax>252</ymax>
		</bndbox>
	</object>
	<object>
		<name>Nori</name>
		<pose>Unspecified</pose>
		<truncated>0</truncated>
		<difficult>0</difficult>
		<bndbox>
			<xmin>22</xmin>
			<ymin>257</ymin>
			<xmax>157</xmax>
			<ymax>386</ymax>
		</bndbox>
	</object>
</annotation>