<annotation>
	<folder>train</folder>
	<filename>286.jpg</filename>
	<path>C:\Users\tnk05\OneDrive\camera\images\train\286.jpg</path>
	<source>
		<database>Unknown</database>
	</source>
	<size>
		<width>640</width>
		<height>480</height>
		<depth>3</depth>
	</size>
	<segmented>0</segmented>
	<object>
		<name>Ebi</name>
		<pose>Unspecified</pose>
		<truncated>0</truncated>
		<difficult>0</difficult>
		<bndbox>
			<xmin>269</xmin>
			<ymin>273</ymin>
			<xmax>419</xmax>
			<ymax>403</ymax>
		</bndbox>
	</object>
	<object>
		<name>Yuzu</name>
		<pose>Unspecified</pose>
		<truncated>0</truncated>
		<difficult>0</difficult>
		<bndbox>
			<xmin>253</xmin>
			<ymin>136</ymin>
			<xmax>396</xmax>
			<ymax>266</ymax>
		</bndbox>
	</object>
</annotation>