<annotation>
	<folder>train</folder>
	<filename>287.jpg</filename>
	<path>C:\Users\tnk05\OneDrive\camera\images\train\287.jpg</path>
	<source>
		<database>Unknown</database>
	</source>
	<size>
		<width>640</width>
		<height>480</height>
		<depth>3</depth>
	</size>
	<segmented>0</segmented>
	<object>
		<name>Ebi</name>
		<pose>Unspecified</pose>
		<truncated>0</truncated>
		<difficult>0</difficult>
		<bndbox>
			<xmin>327</xmin>
			<ymin>415</ymin>
			<xmax>455</xmax>
			<ymax>477</ymax>
		</bndbox>
	</object>
	<object>
		<name>Yuzu</name>
		<pose>Unspecified</pose>
		<truncated>0</truncated>
		<difficult>0</difficult>
		<bndbox>
			<xmin>308</xmin>
			<ymin>277</ymin>
			<xmax>443</xmax>
			<ymax>405</ymax>
		</bndbox>
	</object>
</annotation>