<annotation>
	<folder>train</folder>
	<filename>289.jpg</filename>
	<path>C:\Users\tnk05\OneDrive\camera\images\train\289.jpg</path>
	<source>
		<database>Unknown</database>
	</source>
	<size>
		<width>640</width>
		<height>480</height>
		<depth>3</depth>
	</size>
	<segmented>0</segmented>
	<object>
		<name>Ebi</name>
		<pose>Unspecified</pose>
		<truncated>0</truncated>
		<difficult>0</difficult>
		<bndbox>
			<xmin>330</xmin>
			<ymin>167</ymin>
			<xmax>455</xmax>
			<ymax>265</ymax>
		</bndbox>
	</object>
	<object>
		<name>Yuzu</name>
		<pose>Unspecified</pose>
		<truncated>0</truncated>
		<difficult>0</difficult>
		<bndbox>
			<xmin>309</xmin>
			<ymin>47</ymin>
			<xmax>433</xmax>
			<ymax>156</ymax>
		</bndbox>
	</object>
	<object>
		<name>Nori</name>
		<pose>Unspecified</pose>
		<truncated>0</truncated>
		<difficult>0</difficult>
		<bndbox>
			<xmin>264</xmin>
			<ymin>310</ymin>
			<xmax>386</xmax>
			<ymax>449</ymax>
		</bndbox>
	</object>
</annotation>