<annotation>
	<folder>train</folder>
	<filename>290.jpg</filename>
	<path>C:\Users\tnk05\OneDrive\camera\images\train\290.jpg</path>
	<source>
		<database>Unknown</database>
	</source>
	<size>
		<width>640</width>
		<height>480</height>
		<depth>3</depth>
	</size>
	<segmented>0</segmented>
	<object>
		<name>Ebi</name>
		<pose>Unspecified</pose>
		<truncated>0</truncated>
		<difficult>0</difficult>
		<bndbox>
			<xmin>320</xmin>
			<ymin>294</ymin>
			<xmax>455</xmax>
			<ymax>414</ymax>
		</bndbox>
	</object>
	<object>
		<name>Yuzu</name>
		<pose>Unspecified</pose>
		<truncated>0</truncated>
		<difficult>0</difficult>
		<bndbox>
			<xmin>320</xmin>
			<ymin>178</ymin>
			<xmax>458</xmax>
			<ymax>287</ymax>
		</bndbox>
	</object>
</annotation>