<annotation>
	<folder>train</folder>
	<filename>291.jpg</filename>
	<path>C:\Users\tnk05\OneDrive\camera\images\train\291.jpg</path>
	<source>
		<database>Unknown</database>
	</source>
	<size>
		<width>640</width>
		<height>480</height>
		<depth>3</depth>
	</size>
	<segmented>0</segmented>
	<object>
		<name>Ebi</name>
		<pose>Unspecified</pose>
		<truncated>1</truncated>
		<difficult>0</difficult>
		<bndbox>
			<xmin>351</xmin>
			<ymin>435</ymin>
			<xmax>458</xmax>
			<ymax>480</ymax>
		</bndbox>
	</object>
	<object>
		<name>Yuzu</name>
		<pose>Unspecified</pose>
		<truncated>0</truncated>
		<difficult>0</difficult>
		<bndbox>
			<xmin>442</xmin>
			<ymin>354</ymin>
			<xmax>593</xmax>
			<ymax>462</ymax>
		</bndbox>
	</object>
</annotation>