<annotation>
	<folder>train</folder>
	<filename>292.jpg</filename>
	<path>C:\Users\tnk05\OneDrive\camera\images\train\292.jpg</path>
	<source>
		<database>Unknown</database>
	</source>
	<size>
		<width>640</width>
		<height>480</height>
		<depth>3</depth>
	</size>
	<segmented>0</segmented>
	<object>
		<name>Ebi</name>
		<pose>Unspecified</pose>
		<truncated>0</truncated>
		<difficult>0</difficult>
		<bndbox>
			<xmin>297</xmin>
			<ymin>374</ymin>
			<xmax>409</xmax>
			<ymax>474</ymax>
		</bndbox>
	</object>
	<object>
		<name>Yuzu</name>
		<pose>Unspecified</pose>
		<truncated>0</truncated>
		<difficult>0</difficult>
		<bndbox>
			<xmin>365</xmin>
			<ymin>320</ymin>
			<xmax>475</xmax>
			<ymax>400</ymax>
		</bndbox>
	</object>
	<object>
		<name>Nori</name>
		<pose>Unspecified</pose>
		<truncated>1</truncated>
		<difficult>0</difficult>
		<bndbox>
			<xmin>171</xmin>
			<ymin>413</ymin>
			<xmax>272</xmax>
			<ymax>480</ymax>
		</bndbox>
	</object>
</annotation>