<annotation>
	<folder>train</folder>
	<filename>293.jpg</filename>
	<path>C:\Users\tnk05\OneDrive\camera\images\train\293.jpg</path>
	<source>
		<database>Unknown</database>
	</source>
	<size>
		<width>640</width>
		<height>480</height>
		<depth>3</depth>
	</size>
	<segmented>0</segmented>
	<object>
		<name>Ebi</name>
		<pose>Unspecified</pose>
		<truncated>0</truncated>
		<difficult>0</difficult>
		<bndbox>
			<xmin>268</xmin>
			<ymin>263</ymin>
			<xmax>391</xmax>
			<ymax>390</ymax>
		</bndbox>
	</object>
	<object>
		<name>Yuzu</name>
		<pose>Unspecified</pose>
		<truncated>0</truncated>
		<difficult>0</difficult>
		<bndbox>
			<xmin>417</xmin>
			<ymin>188</ymin>
			<xmax>548</xmax>
			<ymax>309</ymax>
		</bndbox>
	</object>
</annotation>