<annotation>
	<folder>train</folder>
	<filename>295.jpg</filename>
	<path>C:\Users\tnk05\OneDrive\camera\images\train\295.jpg</path>
	<source>
		<database>Unknown</database>
	</source>
	<size>
		<width>640</width>
		<height>480</height>
		<depth>3</depth>
	</size>
	<segmented>0</segmented>
	<object>
		<name>Ebi</name>
		<pose>Unspecified</pose>
		<truncated>0</truncated>
		<difficult>0</difficult>
		<bndbox>
			<xmin>236</xmin>
			<ymin>188</ymin>
			<xmax>340</xmax>
			<ymax>288</ymax>
		</bndbox>
	</object>
	<object>
		<name>Yuzu</name>
		<pose>Unspecified</pose>
		<truncated>0</truncated>
		<difficult>0</difficult>
		<bndbox>
			<xmin>355</xmin>
			<ymin>137</ymin>
			<xmax>470</xmax>
			<ymax>228</ymax>
		</bndbox>
	</object>
	<object>
		<name>Nori</name>
		<pose>Unspecified</pose>
		<truncated>0</truncated>
		<difficult>0</difficult>
		<bndbox>
			<xmin>269</xmin>
			<ymin>349</ymin>
			<xmax>371</xmax>
			<ymax>445</ymax>
		</bndbox>
	</object>
</annotation>