<annotation>
	<folder>train</folder>
	<filename>296.jpg</filename>
	<path>C:\Users\tnk05\OneDrive\camera\images\train\296.jpg</path>
	<source>
		<database>Unknown</database>
	</source>
	<size>
		<width>640</width>
		<height>480</height>
		<depth>3</depth>
	</size>
	<segmented>0</segmented>
	<object>
		<name>Ebi</name>
		<pose>Unspecified</pose>
		<truncated>0</truncated>
		<difficult>0</difficult>
		<bndbox>
			<xmin>272</xmin>
			<ymin>160</ymin>
			<xmax>397</xmax>
			<ymax>277</ymax>
		</bndbox>
	</object>
	<object>
		<name>Yuzu</name>
		<pose>Unspecified</pose>
		<truncated>0</truncated>
		<difficult>0</difficult>
		<bndbox>
			<xmin>432</xmin>
			<ymin>107</ymin>
			<xmax>552</xmax>
			<ymax>215</ymax>
		</bndbox>
	</object>
	<object>
		<name>Nori</name>
		<pose>Unspecified</pose>
		<truncated>0</truncated>
		<difficult>0</difficult>
		<bndbox>
			<xmin>295</xmin>
			<ymin>348</ymin>
			<xmax>432</xmax>
			<ymax>464</ymax>
		</bndbox>
	</object>
</annotation>