<annotation>
	<folder>train</folder>
	<filename>297.jpg</filename>
	<path>C:\Users\tnk05\OneDrive\camera\images\train\297.jpg</path>
	<source>
		<database>Unknown</database>
	</source>
	<size>
		<width>640</width>
		<height>480</height>
		<depth>3</depth>
	</size>
	<segmented>0</segmented>
	<object>
		<name>Ebi</name>
		<pose>Unspecified</pose>
		<truncated>0</truncated>
		<difficult>0</difficult>
		<bndbox>
			<xmin>97</xmin>
			<ymin>415</ymin>
			<xmax>236</xmax>
			<ymax>478</ymax>
		</bndbox>
	</object>
	<object>
		<name>Yuzu</name>
		<pose>Unspecified</pose>
		<truncated>1</truncated>
		<difficult>0</difficult>
		<bndbox>
			<xmin>294</xmin>
			<ymin>401</ymin>
			<xmax>445</xmax>
			<ymax>480</ymax>
		</bndbox>
	</object>
</annotation>