<annotation>
	<folder>train</folder>
	<filename>298.jpg</filename>
	<path>C:\Users\tnk05\OneDrive\camera\images\train\298.jpg</path>
	<source>
		<database>Unknown</database>
	</source>
	<size>
		<width>640</width>
		<height>480</height>
		<depth>3</depth>
	</size>
	<segmented>0</segmented>
	<object>
		<name>Ebi</name>
		<pose>Unspecified</pose>
		<truncated>0</truncated>
		<difficult>0</difficult>
		<bndbox>
			<xmin>194</xmin>
			<ymin>228</ymin>
			<xmax>287</xmax>
			<ymax>317</ymax>
		</bndbox>
	</object>
	<object>
		<name>Yuzu</name>
		<pose>Unspecified</pose>
		<truncated>0</truncated>
		<difficult>0</difficult>
		<bndbox>
			<xmin>319</xmin>
			<ymin>211</ymin>
			<xmax>415</xmax>
			<ymax>298</ymax>
		</bndbox>
	</object>
	<object>
		<name>Nori</name>
		<pose>Unspecified</pose>
		<truncated>0</truncated>
		<difficult>0</difficult>
		<bndbox>
			<xmin>193</xmin>
			<ymin>370</ymin>
			<xmax>282</xmax>
			<ymax>466</ymax>
		</bndbox>
	</object>
</annotation>