<annotation>
	<folder>train</folder>
	<filename>299.jpg</filename>
	<path>C:\Users\tnk05\OneDrive\camera\images\train\299.jpg</path>
	<source>
		<database>Unknown</database>
	</source>
	<size>
		<width>640</width>
		<height>480</height>
		<depth>3</depth>
	</size>
	<segmented>0</segmented>
	<object>
		<name>Ebi</name>
		<pose>Unspecified</pose>
		<truncated>0</truncated>
		<difficult>0</difficult>
		<bndbox>
			<xmin>275</xmin>
			<ymin>205</ymin>
			<xmax>390</xmax>
			<ymax>311</ymax>
		</bndbox>
	</object>
	<object>
		<name>Yuzu</name>
		<pose>Unspecified</pose>
		<truncated>0</truncated>
		<difficult>0</difficult>
		<bndbox>
			<xmin>439</xmin>
			<ymin>175</ymin>
			<xmax>559</xmax>
			<ymax>282</ymax>
		</bndbox>
	</object>
	<object>
		<name>Nori</name>
		<pose>Unspecified</pose>
		<truncated>1</truncated>
		<difficult>0</difficult>
		<bndbox>
			<xmin>272</xmin>
			<ymin>383</ymin>
			<xmax>385</xmax>
			<ymax>480</ymax>
		</bndbox>
	</object>
</annotation>