<annotation>
	<folder>train</folder>
	<filename>300.jpg</filename>
	<path>C:\Users\tnk05\OneDrive\camera\images\train\300.jpg</path>
	<source>
		<database>Unknown</database>
	</source>
	<size>
		<width>640</width>
		<height>480</height>
		<depth>3</depth>
	</size>
	<segmented>0</segmented>
	<object>
		<name>Ebi</name>
		<pose>Unspecified</pose>
		<truncated>0</truncated>
		<difficult>0</difficult>
		<bndbox>
			<xmin>279</xmin>
			<ymin>281</ymin>
			<xmax>407</xmax>
			<ymax>390</ymax>
		</bndbox>
	</object>
	<object>
		<name>Yuzu</name>
		<pose>Unspecified</pose>
		<truncated>0</truncated>
		<difficult>0</difficult>
		<bndbox>
			<xmin>447</xmin>
			<ymin>254</ymin>
			<xmax>584</xmax>
			<ymax>367</ymax>
		</bndbox>
	</object>
</annotation>