<annotation>
	<folder>train</folder>
	<filename>302.jpg</filename>
	<path>C:\Users\tnk05\OneDrive\camera\images\train\302.jpg</path>
	<source>
		<database>Unknown</database>
	</source>
	<size>
		<width>640</width>
		<height>480</height>
		<depth>3</depth>
	</size>
	<segmented>0</segmented>
	<object>
		<name>Ebi</name>
		<pose>Unspecified</pose>
		<truncated>0</truncated>
		<difficult>0</difficult>
		<bndbox>
			<xmin>287</xmin>
			<ymin>338</ymin>
			<xmax>416</xmax>
			<ymax>429</ymax>
		</bndbox>
	</object>
	<object>
		<name>Yuzu</name>
		<pose>Unspecified</pose>
		<truncated>0</truncated>
		<difficult>0</difficult>
		<bndbox>
			<xmin>254</xmin>
			<ymin>152</ymin>
			<xmax>364</xmax>
			<ymax>237</ymax>
		</bndbox>
	</object>
	<object>
		<name>Nori</name>
		<pose>Unspecified</pose>
		<truncated>0</truncated>
		<difficult>0</difficult>
		<bndbox>
			<xmin>221</xmin>
			<ymin>256</ymin>
			<xmax>345</xmax>
			<ymax>347</ymax>
		</bndbox>
	</object>
</annotation>