<annotation>
	<folder>train</folder>
	<filename>303.jpg</filename>
	<path>C:\Users\tnk05\OneDrive\camera\images\train\303.jpg</path>
	<source>
		<database>Unknown</database>
	</source>
	<size>
		<width>640</width>
		<height>480</height>
		<depth>3</depth>
	</size>
	<segmented>0</segmented>
	<object>
		<name>Ebi</name>
		<pose>Unspecified</pose>
		<truncated>0</truncated>
		<difficult>0</difficult>
		<bndbox>
			<xmin>263</xmin>
			<ymin>296</ymin>
			<xmax>372</xmax>
			<ymax>383</ymax>
		</bndbox>
	</object>
	<object>
		<name>Yuzu</name>
		<pose>Unspecified</pose>
		<truncated>0</truncated>
		<difficult>0</difficult>
		<bndbox>
			<xmin>224</xmin>
			<ymin>133</ymin>
			<xmax>326</xmax>
			<ymax>211</ymax>
		</bndbox>
	</object>
	<object>
		<name>Nori</name>
		<pose>Unspecified</pose>
		<truncated>0</truncated>
		<difficult>0</difficult>
		<bndbox>
			<xmin>209</xmin>
			<ymin>229</ymin>
			<xmax>302</xmax>
			<ymax>314</ymax>
		</bndbox>
	</object>
</annotation>