<annotation>
	<folder>train</folder>
	<filename>306.jpg</filename>
	<path>C:\Users\tnk05\OneDrive\camera\images\train\306.jpg</path>
	<source>
		<database>Unknown</database>
	</source>
	<size>
		<width>640</width>
		<height>480</height>
		<depth>3</depth>
	</size>
	<segmented>0</segmented>
	<object>
		<name>Ebi</name>
		<pose>Unspecified</pose>
		<truncated>0</truncated>
		<difficult>0</difficult>
		<bndbox>
			<xmin>357</xmin>
			<ymin>367</ymin>
			<xmax>467</xmax>
			<ymax>444</ymax>
		</bndbox>
	</object>
	<object>
		<name>Yuzu</name>
		<pose>Unspecified</pose>
		<truncated>0</truncated>
		<difficult>0</difficult>
		<bndbox>
			<xmin>382</xmin>
			<ymin>179</ymin>
			<xmax>482</xmax>
			<ymax>271</ymax>
		</bndbox>
	</object>
	<object>
		<name>Nori</name>
		<pose>Unspecified</pose>
		<truncated>0</truncated>
		<difficult>0</difficult>
		<bndbox>
			<xmin>325</xmin>
			<ymin>263</ymin>
			<xmax>423</xmax>
			<ymax>364</ymax>
		</bndbox>
	</object>
</annotation>