<annotation>
	<folder>train</folder>
	<filename>308.jpg</filename>
	<path>C:\Users\tnk05\OneDrive\camera\images\train\308.jpg</path>
	<source>
		<database>Unknown</database>
	</source>
	<size>
		<width>640</width>
		<height>480</height>
		<depth>3</depth>
	</size>
	<segmented>0</segmented>
	<object>
		<name>Ebi</name>
		<pose>Unspecified</pose>
		<truncated>0</truncated>
		<difficult>0</difficult>
		<bndbox>
			<xmin>315</xmin>
			<ymin>389</ymin>
			<xmax>423</xmax>
			<ymax>469</ymax>
		</bndbox>
	</object>
	<object>
		<name>Yuzu</name>
		<pose>Unspecified</pose>
		<truncated>0</truncated>
		<difficult>0</difficult>
		<bndbox>
			<xmin>258</xmin>
			<ymin>221</ymin>
			<xmax>349</xmax>
			<ymax>302</ymax>
		</bndbox>
	</object>
	<object>
		<name>Nori</name>
		<pose>Unspecified</pose>
		<truncated>0</truncated>
		<difficult>0</difficult>
		<bndbox>
			<xmin>233</xmin>
			<ymin>317</ymin>
			<xmax>335</xmax>
			<ymax>415</ymax>
		</bndbox>
	</object>
</annotation>