<annotation>
	<folder>train</folder>
	<filename>309.jpg</filename>
	<path>C:\Users\tnk05\OneDrive\camera\images\train\309.jpg</path>
	<source>
		<database>Unknown</database>
	</source>
	<size>
		<width>640</width>
		<height>480</height>
		<depth>3</depth>
	</size>
	<segmented>0</segmented>
	<object>
		<name>Yuzu</name>
		<pose>Unspecified</pose>
		<truncated>0</truncated>
		<difficult>0</difficult>
		<bndbox>
			<xmin>374</xmin>
			<ymin>255</ymin>
			<xmax>503</xmax>
			<ymax>359</ymax>
		</bndbox>
	</object>
	<object>
		<name>Nori</name>
		<pose>Unspecified</pose>
		<truncated>0</truncated>
		<difficult>0</difficult>
		<bndbox>
			<xmin>340</xmin>
			<ymin>383</ymin>
			<xmax>480</xmax>
			<ymax>473</ymax>
		</bndbox>
	</object>
</annotation>