<annotation>
	<folder>train</folder>
	<filename>31.jpg</filename>
	<path>C:\Users\tnk05\OneDrive\camera\images\train\31.xml</path>
	<source>
		<database>Unknown</database>
	</source>
	<size>
		<width>640</width>
		<height>480</height>
		<depth>3</depth>
	</size>
	<segmented>0</segmented>
	<object>
		<name>Ebi</name>
		<pose>Unspecified</pose>
		<truncated>0</truncated>
		<difficult>0</difficult>
		<bndbox>
			<xmin>147</xmin>
			<ymin>207</ymin>
			<xmax>339</xmax>
			<ymax>385</ymax>
		</bndbox>
	</object>
</annotation>