<annotation>
	<folder>train</folder>
	<filename>312.jpg</filename>
	<path>C:\Users\tnk05\OneDrive\camera\images\train\312.jpg</path>
	<source>
		<database>Unknown</database>
	</source>
	<size>
		<width>640</width>
		<height>480</height>
		<depth>3</depth>
	</size>
	<segmented>0</segmented>
	<object>
		<name>Ebi</name>
		<pose>Unspecified</pose>
		<truncated>0</truncated>
		<difficult>0</difficult>
		<bndbox>
			<xmin>475</xmin>
			<ymin>246</ymin>
			<xmax>577</xmax>
			<ymax>354</ymax>
		</bndbox>
	</object>
	<object>
		<name>Yuzu</name>
		<pose>Unspecified</pose>
		<truncated>0</truncated>
		<difficult>0</difficult>
		<bndbox>
			<xmin>352</xmin>
			<ymin>221</ymin>
			<xmax>460</xmax>
			<ymax>334</ymax>
		</bndbox>
	</object>
	<object>
		<name>Nori</name>
		<pose>Unspecified</pose>
		<truncated>0</truncated>
		<difficult>0</difficult>
		<bndbox>
			<xmin>364</xmin>
			<ymin>92</ymin>
			<xmax>494</xmax>
			<ymax>204</ymax>
		</bndbox>
	</object>
</annotation>