<annotation>
	<folder>train</folder>
	<filename>313.jpg</filename>
	<path>C:\Users\tnk05\OneDrive\camera\images\train\313.jpg</path>
	<source>
		<database>Unknown</database>
	</source>
	<size>
		<width>640</width>
		<height>480</height>
		<depth>3</depth>
	</size>
	<segmented>0</segmented>
	<object>
		<name>Ebi</name>
		<pose>Unspecified</pose>
		<truncated>0</truncated>
		<difficult>0</difficult>
		<bndbox>
			<xmin>349</xmin>
			<ymin>299</ymin>
			<xmax>442</xmax>
			<ymax>375</ymax>
		</bndbox>
	</object>
	<object>
		<name>Yuzu</name>
		<pose>Unspecified</pose>
		<truncated>0</truncated>
		<difficult>0</difficult>
		<bndbox>
			<xmin>256</xmin>
			<ymin>279</ymin>
			<xmax>340</xmax>
			<ymax>364</ymax>
		</bndbox>
	</object>
	<object>
		<name>Nori</name>
		<pose>Unspecified</pose>
		<truncated>0</truncated>
		<difficult>0</difficult>
		<bndbox>
			<xmin>263</xmin>
			<ymin>183</ymin>
			<xmax>364</xmax>
			<ymax>264</ymax>
		</bndbox>
	</object>
</annotation>