<annotation>
	<folder>train</folder>
	<filename>314.jpg</filename>
	<path>C:\Users\tnk05\OneDrive\camera\images\train\314.jpg</path>
	<source>
		<database>Unknown</database>
	</source>
	<size>
		<width>640</width>
		<height>480</height>
		<depth>3</depth>
	</size>
	<segmented>0</segmented>
	<object>
		<name>Ebi</name>
		<pose>Unspecified</pose>
		<truncated>0</truncated>
		<difficult>0</difficult>
		<bndbox>
			<xmin>413</xmin>
			<ymin>180</ymin>
			<xmax>522</xmax>
			<ymax>297</ymax>
		</bndbox>
	</object>
	<object>
		<name>Yuzu</name>
		<pose>Unspecified</pose>
		<truncated>0</truncated>
		<difficult>0</difficult>
		<bndbox>
			<xmin>283</xmin>
			<ymin>153</ymin>
			<xmax>401</xmax>
			<ymax>273</ymax>
		</bndbox>
	</object>
	<object>
		<name>Nori</name>
		<pose>Unspecified</pose>
		<truncated>0</truncated>
		<difficult>0</difficult>
		<bndbox>
			<xmin>295</xmin>
			<ymin>25</ymin>
			<xmax>432</xmax>
			<ymax>130</ymax>
		</bndbox>
	</object>
</annotation>