<annotation>
	<folder>train</folder>
	<filename>316.jpg</filename>
	<path>C:\Users\tnk05\OneDrive\camera\images\train\316.jpg</path>
	<source>
		<database>Unknown</database>
	</source>
	<size>
		<width>640</width>
		<height>480</height>
		<depth>3</depth>
	</size>
	<segmented>0</segmented>
	<object>
		<name>Ebi</name>
		<pose>Unspecified</pose>
		<truncated>0</truncated>
		<difficult>0</difficult>
		<bndbox>
			<xmin>430</xmin>
			<ymin>333</ymin>
			<xmax>553</xmax>
			<ymax>443</ymax>
		</bndbox>
	</object>
	<object>
		<name>Yuzu</name>
		<pose>Unspecified</pose>
		<truncated>0</truncated>
		<difficult>0</difficult>
		<bndbox>
			<xmin>271</xmin>
			<ymin>307</ymin>
			<xmax>400</xmax>
			<ymax>437</ymax>
		</bndbox>
	</object>
	<object>
		<name>Nori</name>
		<pose>Unspecified</pose>
		<truncated>0</truncated>
		<difficult>0</difficult>
		<bndbox>
			<xmin>304</xmin>
			<ymin>182</ymin>
			<xmax>447</xmax>
			<ymax>301</ymax>
		</bndbox>
	</object>
</annotation>