<annotation>
	<folder>train</folder>
	<filename>319.jpg</filename>
	<path>C:\Users\tnk05\OneDrive\camera\images\train\319.jpg</path>
	<source>
		<database>Unknown</database>
	</source>
	<size>
		<width>640</width>
		<height>480</height>
		<depth>3</depth>
	</size>
	<segmented>0</segmented>
	<object>
		<name>Nori</name>
		<pose>Unspecified</pose>
		<truncated>1</truncated>
		<difficult>0</difficult>
		<bndbox>
			<xmin>484</xmin>
			<ymin>361</ymin>
			<xmax>621</xmax>
			<ymax>480</ymax>
		</bndbox>
	</object>
</annotation>