<annotation>
	<folder>train</folder>
	<filename>32.jpg</filename>
	<path>C:\Users\tnk05\OneDrive\camera\images\train\32.xml</path>
	<source>
		<database>Unknown</database>
	</source>
	<size>
		<width>640</width>
		<height>480</height>
		<depth>3</depth>
	</size>
	<segmented>0</segmented>
	<object>
		<name>Nori</name>
		<pose>Unspecified</pose>
		<truncated>0</truncated>
		<difficult>0</difficult>
		<bndbox>
			<xmin>218</xmin>
			<ymin>154</ymin>
			<xmax>399</xmax>
			<ymax>362</ymax>
		</bndbox>
	</object>
	<object>
		<name>Ebi</name>
		<pose>Unspecified</pose>
		<truncated>0</truncated>
		<difficult>0</difficult>
		<bndbox>
			<xmin>310</xmin>
			<ymin>6</ymin>
			<xmax>459</xmax>
			<ymax>131</ymax>
		</bndbox>
	</object>
	<object>
		<name>Yuzu</name>
		<pose>Unspecified</pose>
		<truncated>0</truncated>
		<difficult>0</difficult>
		<bndbox>
			<xmin>390</xmin>
			<ymin>226</ymin>
			<xmax>621</xmax>
			<ymax>430</ymax>
		</bndbox>
	</object>
</annotation>