<annotation>
	<folder>train</folder>
	<filename>320.jpg</filename>
	<path>C:\Users\tnk05\OneDrive\camera\images\train\320.jpg</path>
	<source>
		<database>Unknown</database>
	</source>
	<size>
		<width>640</width>
		<height>480</height>
		<depth>3</depth>
	</size>
	<segmented>0</segmented>
	<object>
		<name>Yuzu</name>
		<pose>Unspecified</pose>
		<truncated>1</truncated>
		<difficult>0</difficult>
		<bndbox>
			<xmin>451</xmin>
			<ymin>355</ymin>
			<xmax>621</xmax>
			<ymax>480</ymax>
		</bndbox>
	</object>
	<object>
		<name>Nori</name>
		<pose>Unspecified</pose>
		<truncated>1</truncated>
		<difficult>0</difficult>
		<bndbox>
			<xmin>543</xmin>
			<ymin>221</ymin>
			<xmax>640</xmax>
			<ymax>381</ymax>
		</bndbox>
	</object>
</annotation>