<annotation>
	<folder>train</folder>
	<filename>321.jpg</filename>
	<path>C:\Users\tnk05\OneDrive\camera\images\train\321.jpg</path>
	<source>
		<database>Unknown</database>
	</source>
	<size>
		<width>640</width>
		<height>480</height>
		<depth>3</depth>
	</size>
	<segmented>0</segmented>
	<object>
		<name>Yuzu</name>
		<pose>Unspecified</pose>
		<truncated>1</truncated>
		<difficult>0</difficult>
		<bndbox>
			<xmin>346</xmin>
			<ymin>400</ymin>
			<xmax>467</xmax>
			<ymax>480</ymax>
		</bndbox>
	</object>
	<object>
		<name>Nori</name>
		<pose>Unspecified</pose>
		<truncated>0</truncated>
		<difficult>0</difficult>
		<bndbox>
			<xmin>410</xmin>
			<ymin>292</ymin>
			<xmax>533</xmax>
			<ymax>408</ymax>
		</bndbox>
	</object>
</annotation>