<annotation>
	<folder>train</folder>
	<filename>322.jpg</filename>
	<path>C:\Users\tnk05\OneDrive\camera\images\train\322.jpg</path>
	<source>
		<database>Unknown</database>
	</source>
	<size>
		<width>640</width>
		<height>480</height>
		<depth>3</depth>
	</size>
	<segmented>0</segmented>
	<object>
		<name>Yuzu</name>
		<pose>Unspecified</pose>
		<truncated>1</truncated>
		<difficult>0</difficult>
		<bndbox>
			<xmin>267</xmin>
			<ymin>397</ymin>
			<xmax>390</xmax>
			<ymax>480</ymax>
		</bndbox>
	</object>
	<object>
		<name>Nori</name>
		<pose>Unspecified</pose>
		<truncated>0</truncated>
		<difficult>0</difficult>
		<bndbox>
			<xmin>183</xmin>
			<ymin>257</ymin>
			<xmax>378</xmax>
			<ymax>395</ymax>
		</bndbox>
	</object>
</annotation>