<annotation>
	<folder>train</folder>
	<filename>324.jpg</filename>
	<path>C:\Users\tnk05\OneDrive\camera\images\train\324.jpg</path>
	<source>
		<database>Unknown</database>
	</source>
	<size>
		<width>640</width>
		<height>480</height>
		<depth>3</depth>
	</size>
	<segmented>0</segmented>
	<object>
		<name>Ebi</name>
		<pose>Unspecified</pose>
		<truncated>0</truncated>
		<difficult>0</difficult>
		<bndbox>
			<xmin>243</xmin>
			<ymin>288</ymin>
			<xmax>370</xmax>
			<ymax>423</ymax>
		</bndbox>
	</object>
	<object>
		<name>Yuzu</name>
		<pose>Unspecified</pose>
		<truncated>0</truncated>
		<difficult>0</difficult>
		<bndbox>
			<xmin>259</xmin>
			<ymin>187</ymin>
			<xmax>402</xmax>
			<ymax>296</ymax>
		</bndbox>
	</object>
	<object>
		<name>Nori</name>
		<pose>Unspecified</pose>
		<truncated>0</truncated>
		<difficult>0</difficult>
		<bndbox>
			<xmin>363</xmin>
			<ymin>95</ymin>
			<xmax>500</xmax>
			<ymax>232</ymax>
		</bndbox>
	</object>
</annotation>