<annotation>
	<folder>train</folder>
	<filename>325.jpg</filename>
	<path>C:\Users\tnk05\OneDrive\camera\images\train\325.jpg</path>
	<source>
		<database>Unknown</database>
	</source>
	<size>
		<width>640</width>
		<height>480</height>
		<depth>3</depth>
	</size>
	<segmented>0</segmented>
	<object>
		<name>Ebi</name>
		<pose>Unspecified</pose>
		<truncated>0</truncated>
		<difficult>0</difficult>
		<bndbox>
			<xmin>367</xmin>
			<ymin>248</ymin>
			<xmax>519</xmax>
			<ymax>395</ymax>
		</bndbox>
	</object>
	<object>
		<name>Yuzu</name>
		<pose>Unspecified</pose>
		<truncated>0</truncated>
		<difficult>0</difficult>
		<bndbox>
			<xmin>382</xmin>
			<ymin>118</ymin>
			<xmax>531</xmax>
			<ymax>251</ymax>
		</bndbox>
	</object>
	<object>
		<name>Nori</name>
		<pose>Unspecified</pose>
		<truncated>1</truncated>
		<difficult>0</difficult>
		<bndbox>
			<xmin>484</xmin>
			<ymin>19</ymin>
			<xmax>640</xmax>
			<ymax>168</ymax>
		</bndbox>
	</object>
</annotation>