<annotation>
	<folder>train</folder>
	<filename>326.jpg</filename>
	<path>C:\Users\tnk05\OneDrive\camera\images\train\326.jpg</path>
	<source>
		<database>Unknown</database>
	</source>
	<size>
		<width>640</width>
		<height>480</height>
		<depth>3</depth>
	</size>
	<segmented>0</segmented>
	<object>
		<name>Ebi</name>
		<pose>Unspecified</pose>
		<truncated>0</truncated>
		<difficult>0</difficult>
		<bndbox>
			<xmin>317</xmin>
			<ymin>210</ymin>
			<xmax>424</xmax>
			<ymax>323</ymax>
		</bndbox>
	</object>
	<object>
		<name>Yuzu</name>
		<pose>Unspecified</pose>
		<truncated>0</truncated>
		<difficult>0</difficult>
		<bndbox>
			<xmin>320</xmin>
			<ymin>109</ymin>
			<xmax>451</xmax>
			<ymax>205</ymax>
		</bndbox>
	</object>
	<object>
		<name>Nori</name>
		<pose>Unspecified</pose>
		<truncated>0</truncated>
		<difficult>0</difficult>
		<bndbox>
			<xmin>431</xmin>
			<ymin>21</ymin>
			<xmax>555</xmax>
			<ymax>156</ymax>
		</bndbox>
	</object>
</annotation>