<annotation>
	<folder>train</folder>
	<filename>327.jpg</filename>
	<path>C:\Users\tnk05\OneDrive\camera\images\train\327.jpg</path>
	<source>
		<database>Unknown</database>
	</source>
	<size>
		<width>640</width>
		<height>480</height>
		<depth>3</depth>
	</size>
	<segmented>0</segmented>
	<object>
		<name>Ebi</name>
		<pose>Unspecified</pose>
		<truncated>0</truncated>
		<difficult>0</difficult>
		<bndbox>
			<xmin>427</xmin>
			<ymin>215</ymin>
			<xmax>529</xmax>
			<ymax>304</ymax>
		</bndbox>
	</object>
	<object>
		<name>Yuzu</name>
		<pose>Unspecified</pose>
		<truncated>0</truncated>
		<difficult>0</difficult>
		<bndbox>
			<xmin>447</xmin>
			<ymin>124</ymin>
			<xmax>555</xmax>
			<ymax>215</ymax>
		</bndbox>
	</object>
	<object>
		<name>Nori</name>
		<pose>Unspecified</pose>
		<truncated>1</truncated>
		<difficult>0</difficult>
		<bndbox>
			<xmin>540</xmin>
			<ymin>71</ymin>
			<xmax>640</xmax>
			<ymax>185</ymax>
		</bndbox>
	</object>
</annotation>