<annotation>
	<folder>train</folder>
	<filename>329.jpg</filename>
	<path>C:\Users\tnk05\OneDrive\camera\images\train\329.jpg</path>
	<source>
		<database>Unknown</database>
	</source>
	<size>
		<width>640</width>
		<height>480</height>
		<depth>3</depth>
	</size>
	<segmented>0</segmented>
	<object>
		<name>Yuzu</name>
		<pose>Unspecified</pose>
		<truncated>1</truncated>
		<difficult>0</difficult>
		<bndbox>
			<xmin>1</xmin>
			<ymin>260</ymin>
			<xmax>89</xmax>
			<ymax>454</ymax>
		</bndbox>
	</object>
	<object>
		<name>Nori</name>
		<pose>Unspecified</pose>
		<truncated>0</truncated>
		<difficult>0</difficult>
		<bndbox>
			<xmin>80</xmin>
			<ymin>169</ymin>
			<xmax>240</xmax>
			<ymax>357</ymax>
		</bndbox>
	</object>
</annotation>