<annotation>
	<folder>train</folder>
	<filename>33.jpg</filename>
	<path>C:\Users\tnk05\OneDrive\camera\images\train\33.xml</path>
	<source>
		<database>Unknown</database>
	</source>
	<size>
		<width>640</width>
		<height>480</height>
		<depth>3</depth>
	</size>
	<segmented>0</segmented>
	<object>
		<name>Nori</name>
		<pose>Unspecified</pose>
		<truncated>0</truncated>
		<difficult>0</difficult>
		<bndbox>
			<xmin>320</xmin>
			<ymin>219</ymin>
			<xmax>561</xmax>
			<ymax>453</ymax>
		</bndbox>
	</object>
	<object>
		<name>Ebi</name>
		<pose>Unspecified</pose>
		<truncated>0</truncated>
		<difficult>0</difficult>
		<bndbox>
			<xmin>381</xmin>
			<ymin>47</ymin>
			<xmax>568</xmax>
			<ymax>187</ymax>
		</bndbox>
	</object>
	<object>
		<name>Yuzu</name>
		<pose>Unspecified</pose>
		<truncated>1</truncated>
		<difficult>0</difficult>
		<bndbox>
			<xmin>590</xmin>
			<ymin>257</ymin>
			<xmax>640</xmax>
			<ymax>452</ymax>
		</bndbox>
	</object>
</annotation>