<annotation>
	<folder>train</folder>
	<filename>330.jpg</filename>
	<path>C:\Users\tnk05\OneDrive\camera\images\train\330.jpg</path>
	<source>
		<database>Unknown</database>
	</source>
	<size>
		<width>640</width>
		<height>480</height>
		<depth>3</depth>
	</size>
	<segmented>0</segmented>
	<object>
		<name>Yuzu</name>
		<pose>Unspecified</pose>
		<truncated>0</truncated>
		<difficult>0</difficult>
		<bndbox>
			<xmin>198</xmin>
			<ymin>285</ymin>
			<xmax>331</xmax>
			<ymax>400</ymax>
		</bndbox>
	</object>
	<object>
		<name>Nori</name>
		<pose>Unspecified</pose>
		<truncated>0</truncated>
		<difficult>0</difficult>
		<bndbox>
			<xmin>7</xmin>
			<ymin>190</ymin>
			<xmax>134</xmax>
			<ymax>333</ymax>
		</bndbox>
	</object>
</annotation>