<annotation>
	<folder>train</folder>
	<filename>331.jpg</filename>
	<path>C:\Users\tnk05\OneDrive\camera\images\train\331.jpg</path>
	<source>
		<database>Unknown</database>
	</source>
	<size>
		<width>640</width>
		<height>480</height>
		<depth>3</depth>
	</size>
	<segmented>0</segmented>
	<object>
		<name>Yuzu</name>
		<pose>Unspecified</pose>
		<truncated>0</truncated>
		<difficult>0</difficult>
		<bndbox>
			<xmin>82</xmin>
			<ymin>290</ymin>
			<xmax>223</xmax>
			<ymax>416</ymax>
		</bndbox>
	</object>
	<object>
		<name>Nori</name>
		<pose>Unspecified</pose>
		<truncated>1</truncated>
		<difficult>0</difficult>
		<bndbox>
			<xmin>1</xmin>
			<ymin>140</ymin>
			<xmax>67</xmax>
			<ymax>261</ymax>
		</bndbox>
	</object>
</annotation>