<annotation>
	<folder>train</folder>
	<filename>333.jpg</filename>
	<path>C:\Users\tnk05\OneDrive\camera\images\train\333.jpg</path>
	<source>
		<database>Unknown</database>
	</source>
	<size>
		<width>640</width>
		<height>480</height>
		<depth>3</depth>
	</size>
	<segmented>0</segmented>
	<object>
		<name>Yuzu</name>
		<pose>Unspecified</pose>
		<truncated>0</truncated>
		<difficult>0</difficult>
		<bndbox>
			<xmin>214</xmin>
			<ymin>367</ymin>
			<xmax>324</xmax>
			<ymax>447</ymax>
		</bndbox>
	</object>
	<object>
		<name>Nori</name>
		<pose>Unspecified</pose>
		<truncated>0</truncated>
		<difficult>0</difficult>
		<bndbox>
			<xmin>125</xmin>
			<ymin>211</ymin>
			<xmax>226</xmax>
			<ymax>300</ymax>
		</bndbox>
	</object>
</annotation>