<annotation>
	<folder>train</folder>
	<filename>334.jpg</filename>
	<path>C:\Users\tnk05\OneDrive\camera\images\train\334.jpg</path>
	<source>
		<database>Unknown</database>
	</source>
	<size>
		<width>640</width>
		<height>480</height>
		<depth>3</depth>
	</size>
	<segmented>0</segmented>
	<object>
		<name>Ebi</name>
		<pose>Unspecified</pose>
		<truncated>0</truncated>
		<difficult>0</difficult>
		<bndbox>
			<xmin>324</xmin>
			<ymin>258</ymin>
			<xmax>433</xmax>
			<ymax>369</ymax>
		</bndbox>
	</object>
	<object>
		<name>Yuzu</name>
		<pose>Unspecified</pose>
		<truncated>0</truncated>
		<difficult>0</difficult>
		<bndbox>
			<xmin>419</xmin>
			<ymin>162</ymin>
			<xmax>527</xmax>
			<ymax>256</ymax>
		</bndbox>
	</object>
	<object>
		<name>Nori</name>
		<pose>Unspecified</pose>
		<truncated>0</truncated>
		<difficult>0</difficult>
		<bndbox>
			<xmin>303</xmin>
			<ymin>34</ymin>
			<xmax>408</xmax>
			<ymax>133</ymax>
		</bndbox>
	</object>
</annotation>