<annotation>
	<folder>train</folder>
	<filename>335.jpg</filename>
	<path>C:\Users\tnk05\OneDrive\camera\images\train\335.jpg</path>
	<source>
		<database>Unknown</database>
	</source>
	<size>
		<width>640</width>
		<height>480</height>
		<depth>3</depth>
	</size>
	<segmented>0</segmented>
	<object>
		<name>Ebi</name>
		<pose>Unspecified</pose>
		<truncated>0</truncated>
		<difficult>0</difficult>
		<bndbox>
			<xmin>248</xmin>
			<ymin>201</ymin>
			<xmax>354</xmax>
			<ymax>309</ymax>
		</bndbox>
	</object>
	<object>
		<name>Yuzu</name>
		<pose>Unspecified</pose>
		<truncated>0</truncated>
		<difficult>0</difficult>
		<bndbox>
			<xmin>200</xmin>
			<ymin>22</ymin>
			<xmax>322</xmax>
			<ymax>135</ymax>
		</bndbox>
	</object>
</annotation>