<annotation>
	<folder>train</folder>
	<filename>336.jpg</filename>
	<path>C:\Users\tnk05\OneDrive\camera\images\train\336.jpg</path>
	<source>
		<database>Unknown</database>
	</source>
	<size>
		<width>640</width>
		<height>480</height>
		<depth>3</depth>
	</size>
	<segmented>0</segmented>
	<object>
		<name>Ebi</name>
		<pose>Unspecified</pose>
		<truncated>0</truncated>
		<difficult>0</difficult>
		<bndbox>
			<xmin>249</xmin>
			<ymin>155</ymin>
			<xmax>352</xmax>
			<ymax>266</ymax>
		</bndbox>
	</object>
	<object>
		<name>Yuzu</name>
		<pose>Unspecified</pose>
		<truncated>1</truncated>
		<difficult>0</difficult>
		<bndbox>
			<xmin>173</xmin>
			<ymin>1</ymin>
			<xmax>296</xmax>
			<ymax>78</ymax>
		</bndbox>
	</object>
</annotation>