<annotation>
	<folder>train</folder>
	<filename>337.jpg</filename>
	<path>C:\Users\tnk05\OneDrive\camera\images\train\337.jpg</path>
	<source>
		<database>Unknown</database>
	</source>
	<size>
		<width>640</width>
		<height>480</height>
		<depth>3</depth>
	</size>
	<segmented>0</segmented>
	<object>
		<name>Yuzu</name>
		<pose>Unspecified</pose>
		<truncated>0</truncated>
		<difficult>0</difficult>
		<bndbox>
			<xmin>278</xmin>
			<ymin>313</ymin>
			<xmax>396</xmax>
			<ymax>420</ymax>
		</bndbox>
	</object>
	<object>
		<name>Nori</name>
		<pose>Unspecified</pose>
		<truncated>0</truncated>
		<difficult>0</difficult>
		<bndbox>
			<xmin>282</xmin>
			<ymin>194</ymin>
			<xmax>407</xmax>
			<ymax>293</ymax>
		</bndbox>
	</object>
</annotation>