<annotation>
	<folder>train</folder>
	<filename>338.jpg</filename>
	<path>C:\Users\tnk05\OneDrive\camera\images\train\338.jpg</path>
	<source>
		<database>Unknown</database>
	</source>
	<size>
		<width>640</width>
		<height>480</height>
		<depth>3</depth>
	</size>
	<segmented>0</segmented>
	<object>
		<name>Ebi</name>
		<pose>Unspecified</pose>
		<truncated>0</truncated>
		<difficult>0</difficult>
		<bndbox>
			<xmin>203</xmin>
			<ymin>361</ymin>
			<xmax>331</xmax>
			<ymax>474</ymax>
		</bndbox>
	</object>
	<object>
		<name>Yuzu</name>
		<pose>Unspecified</pose>
		<truncated>0</truncated>
		<difficult>0</difficult>
		<bndbox>
			<xmin>327</xmin>
			<ymin>220</ymin>
			<xmax>444</xmax>
			<ymax>322</ymax>
		</bndbox>
	</object>
	<object>
		<name>Nori</name>
		<pose>Unspecified</pose>
		<truncated>0</truncated>
		<difficult>0</difficult>
		<bndbox>
			<xmin>218</xmin>
			<ymin>192</ymin>
			<xmax>321</xmax>
			<ymax>286</ymax>
		</bndbox>
	</object>
</annotation>