<annotation>
	<folder>train</folder>
	<filename>339.jpg</filename>
	<path>C:\Users\tnk05\OneDrive\camera\images\train\339.jpg</path>
	<source>
		<database>Unknown</database>
	</source>
	<size>
		<width>640</width>
		<height>480</height>
		<depth>3</depth>
	</size>
	<segmented>0</segmented>
	<object>
		<name>Yuzu</name>
		<pose>Unspecified</pose>
		<truncated>0</truncated>
		<difficult>0</difficult>
		<bndbox>
			<xmin>192</xmin>
			<ymin>253</ymin>
			<xmax>339</xmax>
			<ymax>393</ymax>
		</bndbox>
	</object>
	<object>
		<name>Nori</name>
		<pose>Unspecified</pose>
		<truncated>0</truncated>
		<difficult>0</difficult>
		<bndbox>
			<xmin>62</xmin>
			<ymin>196</ymin>
			<xmax>184</xmax>
			<ymax>332</ymax>
		</bndbox>
	</object>
</annotation>