<annotation>
	<folder>train</folder>
	<filename>34.jpg</filename>
	<path>C:\Users\tnk05\OneDrive\camera\images\train\34.xml</path>
	<source>
		<database>Unknown</database>
	</source>
	<size>
		<width>640</width>
		<height>480</height>
		<depth>3</depth>
	</size>
	<segmented>0</segmented>
	<object>
		<name>Nori</name>
		<pose>Unspecified</pose>
		<truncated>0</truncated>
		<difficult>0</difficult>
		<bndbox>
			<xmin>171</xmin>
			<ymin>255</ymin>
			<xmax>375</xmax>
			<ymax>441</ymax>
		</bndbox>
	</object>
	<object>
		<name>Ebi</name>
		<pose>Unspecified</pose>
		<truncated>0</truncated>
		<difficult>0</difficult>
		<bndbox>
			<xmin>288</xmin>
			<ymin>113</ymin>
			<xmax>441</xmax>
			<ymax>223</ymax>
		</bndbox>
	</object>
	<object>
		<name>Yuzu</name>
		<pose>Unspecified</pose>
		<truncated>0</truncated>
		<difficult>0</difficult>
		<bndbox>
			<xmin>341</xmin>
			<ymin>338</ymin>
			<xmax>608</xmax>
			<ymax>472</ymax>
		</bndbox>
	</object>
</annotation>