<annotation>
	<folder>train</folder>
	<filename>340.jpg</filename>
	<path>C:\Users\tnk05\OneDrive\camera\images\train\340.jpg</path>
	<source>
		<database>Unknown</database>
	</source>
	<size>
		<width>640</width>
		<height>480</height>
		<depth>3</depth>
	</size>
	<segmented>0</segmented>
	<object>
		<name>Ebi</name>
		<pose>Unspecified</pose>
		<truncated>0</truncated>
		<difficult>0</difficult>
		<bndbox>
			<xmin>330</xmin>
			<ymin>323</ymin>
			<xmax>444</xmax>
			<ymax>458</ymax>
		</bndbox>
	</object>
	<object>
		<name>Yuzu</name>
		<pose>Unspecified</pose>
		<truncated>0</truncated>
		<difficult>0</difficult>
		<bndbox>
			<xmin>430</xmin>
			<ymin>126</ymin>
			<xmax>547</xmax>
			<ymax>259</ymax>
		</bndbox>
	</object>
	<object>
		<name>Nori</name>
		<pose>Unspecified</pose>
		<truncated>0</truncated>
		<difficult>0</difficult>
		<bndbox>
			<xmin>278</xmin>
			<ymin>114</ymin>
			<xmax>406</xmax>
			<ymax>238</ymax>
		</bndbox>
	</object>
</annotation>