<annotation>
	<folder>train</folder>
	<filename>341.jpg</filename>
	<path>C:\Users\tnk05\OneDrive\camera\images\train\341.jpg</path>
	<source>
		<database>Unknown</database>
	</source>
	<size>
		<width>640</width>
		<height>480</height>
		<depth>3</depth>
	</size>
	<segmented>0</segmented>
	<object>
		<name>Ebi</name>
		<pose>Unspecified</pose>
		<truncated>0</truncated>
		<difficult>0</difficult>
		<bndbox>
			<xmin>97</xmin>
			<ymin>327</ymin>
			<xmax>209</xmax>
			<ymax>436</ymax>
		</bndbox>
	</object>
	<object>
		<name>Yuzu</name>
		<pose>Unspecified</pose>
		<truncated>0</truncated>
		<difficult>0</difficult>
		<bndbox>
			<xmin>215</xmin>
			<ymin>202</ymin>
			<xmax>323</xmax>
			<ymax>308</ymax>
		</bndbox>
	</object>
	<object>
		<name>Nori</name>
		<pose>Unspecified</pose>
		<truncated>0</truncated>
		<difficult>0</difficult>
		<bndbox>
			<xmin>127</xmin>
			<ymin>163</ymin>
			<xmax>212</xmax>
			<ymax>252</ymax>
		</bndbox>
	</object>
</annotation>