<annotation>
	<folder>train</folder>
	<filename>342.jpg</filename>
	<path>C:\Users\tnk05\OneDrive\camera\images\train\342.jpg</path>
	<source>
		<database>Unknown</database>
	</source>
	<size>
		<width>640</width>
		<height>480</height>
		<depth>3</depth>
	</size>
	<segmented>0</segmented>
	<object>
		<name>Ebi</name>
		<pose>Unspecified</pose>
		<truncated>0</truncated>
		<difficult>0</difficult>
		<bndbox>
			<xmin>223</xmin>
			<ymin>392</ymin>
			<xmax>341</xmax>
			<ymax>477</ymax>
		</bndbox>
	</object>
	<object>
		<name>Yuzu</name>
		<pose>Unspecified</pose>
		<truncated>0</truncated>
		<difficult>0</difficult>
		<bndbox>
			<xmin>169</xmin>
			<ymin>293</ymin>
			<xmax>266</xmax>
			<ymax>385</ymax>
		</bndbox>
	</object>
	<object>
		<name>Nori</name>
		<pose>Unspecified</pose>
		<truncated>0</truncated>
		<difficult>0</difficult>
		<bndbox>
			<xmin>188</xmin>
			<ymin>183</ymin>
			<xmax>286</xmax>
			<ymax>282</ymax>
		</bndbox>
	</object>
</annotation>