<annotation>
	<folder>train</folder>
	<filename>343.jpg</filename>
	<path>C:\Users\tnk05\OneDrive\camera\images\train\343.jpg</path>
	<source>
		<database>Unknown</database>
	</source>
	<size>
		<width>640</width>
		<height>480</height>
		<depth>3</depth>
	</size>
	<segmented>0</segmented>
	<object>
		<name>Yuzu</name>
		<pose>Unspecified</pose>
		<truncated>0</truncated>
		<difficult>0</difficult>
		<bndbox>
			<xmin>242</xmin>
			<ymin>340</ymin>
			<xmax>368</xmax>
			<ymax>453</ymax>
		</bndbox>
	</object>
	<object>
		<name>Nori</name>
		<pose>Unspecified</pose>
		<truncated>0</truncated>
		<difficult>0</difficult>
		<bndbox>
			<xmin>258</xmin>
			<ymin>194</ymin>
			<xmax>389</xmax>
			<ymax>317</ymax>
		</bndbox>
	</object>
</annotation>