<annotation>
	<folder>train</folder>
	<filename>344.jpg</filename>
	<path>C:\Users\tnk05\OneDrive\camera\images\train\344.jpg</path>
	<source>
		<database>Unknown</database>
	</source>
	<size>
		<width>640</width>
		<height>480</height>
		<depth>3</depth>
	</size>
	<segmented>0</segmented>
	<object>
		<name>Ebi</name>
		<pose>Unspecified</pose>
		<truncated>0</truncated>
		<difficult>0</difficult>
		<bndbox>
			<xmin>98</xmin>
			<ymin>374</ymin>
			<xmax>236</xmax>
			<ymax>477</ymax>
		</bndbox>
	</object>
	<object>
		<name>Yuzu</name>
		<pose>Unspecified</pose>
		<truncated>0</truncated>
		<difficult>0</difficult>
		<bndbox>
			<xmin>37</xmin>
			<ymin>254</ymin>
			<xmax>166</xmax>
			<ymax>374</ymax>
		</bndbox>
	</object>
	<object>
		<name>Nori</name>
		<pose>Unspecified</pose>
		<truncated>0</truncated>
		<difficult>0</difficult>
		<bndbox>
			<xmin>74</xmin>
			<ymin>130</ymin>
			<xmax>209</xmax>
			<ymax>240</ymax>
		</bndbox>
	</object>
</annotation>