<annotation>
	<folder>train</folder>
	<filename>345.jpg</filename>
	<path>C:\Users\tnk05\OneDrive\camera\images\train\345.jpg</path>
	<source>
		<database>Unknown</database>
	</source>
	<size>
		<width>640</width>
		<height>480</height>
		<depth>3</depth>
	</size>
	<segmented>0</segmented>
	<object>
		<name>Ebi</name>
		<pose>Unspecified</pose>
		<truncated>0</truncated>
		<difficult>0</difficult>
		<bndbox>
			<xmin>92</xmin>
			<ymin>295</ymin>
			<xmax>195</xmax>
			<ymax>400</ymax>
		</bndbox>
	</object>
	<object>
		<name>Yuzu</name>
		<pose>Unspecified</pose>
		<truncated>0</truncated>
		<difficult>0</difficult>
		<bndbox>
			<xmin>40</xmin>
			<ymin>190</ymin>
			<xmax>144</xmax>
			<ymax>295</ymax>
		</bndbox>
	</object>
	<object>
		<name>Nori</name>
		<pose>Unspecified</pose>
		<truncated>0</truncated>
		<difficult>0</difficult>
		<bndbox>
			<xmin>68</xmin>
			<ymin>94</ymin>
			<xmax>182</xmax>
			<ymax>182</ymax>
		</bndbox>
	</object>
</annotation>