<annotation>
	<folder>train</folder>
	<filename>347.jpg</filename>
	<path>C:\Users\tnk05\OneDrive\camera\images\train\347.jpg</path>
	<source>
		<database>Unknown</database>
	</source>
	<size>
		<width>640</width>
		<height>480</height>
		<depth>3</depth>
	</size>
	<segmented>0</segmented>
	<object>
		<name>Ebi</name>
		<pose>Unspecified</pose>
		<truncated>1</truncated>
		<difficult>0</difficult>
		<bndbox>
			<xmin>255</xmin>
			<ymin>377</ymin>
			<xmax>355</xmax>
			<ymax>480</ymax>
		</bndbox>
	</object>
	<object>
		<name>Yuzu</name>
		<pose>Unspecified</pose>
		<truncated>0</truncated>
		<difficult>0</difficult>
		<bndbox>
			<xmin>510</xmin>
			<ymin>276</ymin>
			<xmax>628</xmax>
			<ymax>393</ymax>
		</bndbox>
	</object>
	<object>
		<name>Nori</name>
		<pose>Unspecified</pose>
		<truncated>0</truncated>
		<difficult>0</difficult>
		<bndbox>
			<xmin>408</xmin>
			<ymin>208</ymin>
			<xmax>528</xmax>
			<ymax>343</ymax>
		</bndbox>
	</object>
</annotation>