<annotation>
	<folder>train</folder>
	<filename>348.jpg</filename>
	<path>C:\Users\tnk05\OneDrive\camera\images\train\348.jpg</path>
	<source>
		<database>Unknown</database>
	</source>
	<size>
		<width>640</width>
		<height>480</height>
		<depth>3</depth>
	</size>
	<segmented>0</segmented>
	<object>
		<name>Ebi</name>
		<pose>Unspecified</pose>
		<truncated>0</truncated>
		<difficult>0</difficult>
		<bndbox>
			<xmin>178</xmin>
			<ymin>270</ymin>
			<xmax>262</xmax>
			<ymax>370</ymax>
		</bndbox>
	</object>
	<object>
		<name>Yuzu</name>
		<pose>Unspecified</pose>
		<truncated>0</truncated>
		<difficult>0</difficult>
		<bndbox>
			<xmin>380</xmin>
			<ymin>206</ymin>
			<xmax>475</xmax>
			<ymax>291</ymax>
		</bndbox>
	</object>
	<object>
		<name>Nori</name>
		<pose>Unspecified</pose>
		<truncated>0</truncated>
		<difficult>0</difficult>
		<bndbox>
			<xmin>311</xmin>
			<ymin>154</ymin>
			<xmax>401</xmax>
			<ymax>252</ymax>
		</bndbox>
	</object>
</annotation>