<annotation>
	<folder>train</folder>
	<filename>349.jpg</filename>
	<path>C:\Users\tnk05\OneDrive\camera\images\train\349.jpg</path>
	<source>
		<database>Unknown</database>
	</source>
	<size>
		<width>640</width>
		<height>480</height>
		<depth>3</depth>
	</size>
	<segmented>0</segmented>
	<object>
		<name>Yuzu</name>
		<pose>Unspecified</pose>
		<truncated>1</truncated>
		<difficult>0</difficult>
		<bndbox>
			<xmin>311</xmin>
			<ymin>398</ymin>
			<xmax>436</xmax>
			<ymax>480</ymax>
		</bndbox>
	</object>
	<object>
		<name>Nori</name>
		<pose>Unspecified</pose>
		<truncated>0</truncated>
		<difficult>0</difficult>
		<bndbox>
			<xmin>193</xmin>
			<ymin>292</ymin>
			<xmax>332</xmax>
			<ymax>440</ymax>
		</bndbox>
	</object>
</annotation>