<annotation>
	<folder>train</folder>
	<filename>351.jpg</filename>
	<path>C:\Users\tnk05\OneDrive\camera\images\train\351.jpg</path>
	<source>
		<database>Unknown</database>
	</source>
	<size>
		<width>640</width>
		<height>480</height>
		<depth>3</depth>
	</size>
	<segmented>0</segmented>
	<object>
		<name>Ebi</name>
		<pose>Unspecified</pose>
		<truncated>0</truncated>
		<difficult>0</difficult>
		<bndbox>
			<xmin>209</xmin>
			<ymin>320</ymin>
			<xmax>332</xmax>
			<ymax>451</ymax>
		</bndbox>
	</object>
	<object>
		<name>Yuzu</name>
		<pose>Unspecified</pose>
		<truncated>0</truncated>
		<difficult>0</difficult>
		<bndbox>
			<xmin>258</xmin>
			<ymin>212</ymin>
			<xmax>385</xmax>
			<ymax>308</ymax>
		</bndbox>
	</object>
	<object>
		<name>Nori</name>
		<pose>Unspecified</pose>
		<truncated>0</truncated>
		<difficult>0</difficult>
		<bndbox>
			<xmin>167</xmin>
			<ymin>161</ymin>
			<xmax>268</xmax>
			<ymax>273</ymax>
		</bndbox>
	</object>
</annotation>