<annotation>
	<folder>train</folder>
	<filename>353.jpg</filename>
	<path>C:\Users\tnk05\OneDrive\camera\images\train\353.jpg</path>
	<source>
		<database>Unknown</database>
	</source>
	<size>
		<width>640</width>
		<height>480</height>
		<depth>3</depth>
	</size>
	<segmented>0</segmented>
	<object>
		<name>Ebi</name>
		<pose>Unspecified</pose>
		<truncated>0</truncated>
		<difficult>0</difficult>
		<bndbox>
			<xmin>196</xmin>
			<ymin>311</ymin>
			<xmax>319</xmax>
			<ymax>423</ymax>
		</bndbox>
	</object>
	<object>
		<name>Yuzu</name>
		<pose>Unspecified</pose>
		<truncated>0</truncated>
		<difficult>0</difficult>
		<bndbox>
			<xmin>224</xmin>
			<ymin>204</ymin>
			<xmax>333</xmax>
			<ymax>298</ymax>
		</bndbox>
	</object>
	<object>
		<name>Nori</name>
		<pose>Unspecified</pose>
		<truncated>0</truncated>
		<difficult>0</difficult>
		<bndbox>
			<xmin>118</xmin>
			<ymin>218</ymin>
			<xmax>227</xmax>
			<ymax>313</ymax>
		</bndbox>
	</object>
</annotation>