<annotation>
	<folder>train</folder>
	<filename>354.jpg</filename>
	<path>C:\Users\tnk05\OneDrive\camera\images\train\354.jpg</path>
	<source>
		<database>Unknown</database>
	</source>
	<size>
		<width>640</width>
		<height>480</height>
		<depth>3</depth>
	</size>
	<segmented>0</segmented>
	<object>
		<name>Ebi</name>
		<pose>Unspecified</pose>
		<truncated>0</truncated>
		<difficult>0</difficult>
		<bndbox>
			<xmin>156</xmin>
			<ymin>369</ymin>
			<xmax>290</xmax>
			<ymax>473</ymax>
		</bndbox>
	</object>
	<object>
		<name>Yuzu</name>
		<pose>Unspecified</pose>
		<truncated>0</truncated>
		<difficult>0</difficult>
		<bndbox>
			<xmin>163</xmin>
			<ymin>254</ymin>
			<xmax>277</xmax>
			<ymax>350</ymax>
		</bndbox>
	</object>
	<object>
		<name>Nori</name>
		<pose>Unspecified</pose>
		<truncated>0</truncated>
		<difficult>0</difficult>
		<bndbox>
			<xmin>56</xmin>
			<ymin>275</ymin>
			<xmax>161</xmax>
			<ymax>393</ymax>
		</bndbox>
	</object>
</annotation>