<annotation>
	<folder>train</folder>
	<filename>356.jpg</filename>
	<path>C:\Users\tnk05\OneDrive\camera\images\train\356.jpg</path>
	<source>
		<database>Unknown</database>
	</source>
	<size>
		<width>640</width>
		<height>480</height>
		<depth>3</depth>
	</size>
	<segmented>0</segmented>
	<object>
		<name>Ebi</name>
		<pose>Unspecified</pose>
		<truncated>0</truncated>
		<difficult>0</difficult>
		<bndbox>
			<xmin>264</xmin>
			<ymin>204</ymin>
			<xmax>412</xmax>
			<ymax>321</ymax>
		</bndbox>
	</object>
	<object>
		<name>Yuzu</name>
		<pose>Unspecified</pose>
		<truncated>0</truncated>
		<difficult>0</difficult>
		<bndbox>
			<xmin>187</xmin>
			<ymin>100</ymin>
			<xmax>318</xmax>
			<ymax>215</ymax>
		</bndbox>
	</object>
	<object>
		<name>Nori</name>
		<pose>Unspecified</pose>
		<truncated>0</truncated>
		<difficult>0</difficult>
		<bndbox>
			<xmin>130</xmin>
			<ymin>213</ymin>
			<xmax>253</xmax>
			<ymax>323</ymax>
		</bndbox>
	</object>
</annotation>