<annotation>
	<folder>train</folder>
	<filename>357.jpg</filename>
	<path>C:\Users\tnk05\OneDrive\camera\images\train\357.jpg</path>
	<source>
		<database>Unknown</database>
	</source>
	<size>
		<width>640</width>
		<height>480</height>
		<depth>3</depth>
	</size>
	<segmented>0</segmented>
	<object>
		<name>Yuzu</name>
		<pose>Unspecified</pose>
		<truncated>0</truncated>
		<difficult>0</difficult>
		<bndbox>
			<xmin>79</xmin>
			<ymin>324</ymin>
			<xmax>197</xmax>
			<ymax>445</ymax>
		</bndbox>
	</object>
	<object>
		<name>Nori</name>
		<pose>Unspecified</pose>
		<truncated>1</truncated>
		<difficult>0</difficult>
		<bndbox>
			<xmin>2</xmin>
			<ymin>401</ymin>
			<xmax>78</xmax>
			<ymax>480</ymax>
		</bndbox>
	</object>
</annotation>