<annotation>
	<folder>train</folder>
	<filename>358.jpg</filename>
	<path>C:\Users\tnk05\OneDrive\camera\images\train\358.jpg</path>
	<source>
		<database>Unknown</database>
	</source>
	<size>
		<width>640</width>
		<height>480</height>
		<depth>3</depth>
	</size>
	<segmented>0</segmented>
	<object>
		<name>Ebi</name>
		<pose>Unspecified</pose>
		<truncated>0</truncated>
		<difficult>0</difficult>
		<bndbox>
			<xmin>105</xmin>
			<ymin>346</ymin>
			<xmax>228</xmax>
			<ymax>443</ymax>
		</bndbox>
	</object>
	<object>
		<name>Yuzu</name>
		<pose>Unspecified</pose>
		<truncated>0</truncated>
		<difficult>0</difficult>
		<bndbox>
			<xmin>87</xmin>
			<ymin>242</ymin>
			<xmax>175</xmax>
			<ymax>338</ymax>
		</bndbox>
	</object>
	<object>
		<name>Nori</name>
		<pose>Unspecified</pose>
		<truncated>0</truncated>
		<difficult>0</difficult>
		<bndbox>
			<xmin>8</xmin>
			<ymin>304</ymin>
			<xmax>101</xmax>
			<ymax>395</ymax>
		</bndbox>
	</object>
</annotation>