<annotation>
	<folder>train</folder>
	<filename>359.jpg</filename>
	<path>C:\Users\tnk05\OneDrive\camera\images\train\359.jpg</path>
	<source>
		<database>Unknown</database>
	</source>
	<size>
		<width>640</width>
		<height>480</height>
		<depth>3</depth>
	</size>
	<segmented>0</segmented>
	<object>
		<name>Ebi</name>
		<pose>Unspecified</pose>
		<truncated>0</truncated>
		<difficult>0</difficult>
		<bndbox>
			<xmin>377</xmin>
			<ymin>316</ymin>
			<xmax>519</xmax>
			<ymax>446</ymax>
		</bndbox>
	</object>
	<object>
		<name>Yuzu</name>
		<pose>Unspecified</pose>
		<truncated>0</truncated>
		<difficult>0</difficult>
		<bndbox>
			<xmin>391</xmin>
			<ymin>201</ymin>
			<xmax>503</xmax>
			<ymax>302</ymax>
		</bndbox>
	</object>
	<object>
		<name>Nori</name>
		<pose>Unspecified</pose>
		<truncated>0</truncated>
		<difficult>0</difficult>
		<bndbox>
			<xmin>283</xmin>
			<ymin>225</ymin>
			<xmax>391</xmax>
			<ymax>342</ymax>
		</bndbox>
	</object>
</annotation>