<annotation>
	<folder>train</folder>
	<filename>361.jpg</filename>
	<path>C:\Users\tnk05\OneDrive\camera\images\train\361.jpg</path>
	<source>
		<database>Unknown</database>
	</source>
	<size>
		<width>640</width>
		<height>480</height>
		<depth>3</depth>
	</size>
	<segmented>0</segmented>
	<object>
		<name>Ebi</name>
		<pose>Unspecified</pose>
		<truncated>0</truncated>
		<difficult>0</difficult>
		<bndbox>
			<xmin>286</xmin>
			<ymin>282</ymin>
			<xmax>411</xmax>
			<ymax>391</ymax>
		</bndbox>
	</object>
	<object>
		<name>Yuzu</name>
		<pose>Unspecified</pose>
		<truncated>0</truncated>
		<difficult>0</difficult>
		<bndbox>
			<xmin>162</xmin>
			<ymin>193</ymin>
			<xmax>290</xmax>
			<ymax>290</ymax>
		</bndbox>
	</object>
	<object>
		<name>Nori</name>
		<pose>Unspecified</pose>
		<truncated>0</truncated>
		<difficult>0</difficult>
		<bndbox>
			<xmin>150</xmin>
			<ymin>305</ymin>
			<xmax>270</xmax>
			<ymax>429</ymax>
		</bndbox>
	</object>
</annotation>