<annotation>
	<folder>train</folder>
	<filename>362.jpg</filename>
	<path>C:\Users\tnk05\OneDrive\camera\images\train\362.jpg</path>
	<source>
		<database>Unknown</database>
	</source>
	<size>
		<width>640</width>
		<height>480</height>
		<depth>3</depth>
	</size>
	<segmented>0</segmented>
	<object>
		<name>Ebi</name>
		<pose>Unspecified</pose>
		<truncated>0</truncated>
		<difficult>0</difficult>
		<bndbox>
			<xmin>215</xmin>
			<ymin>260</ymin>
			<xmax>326</xmax>
			<ymax>364</ymax>
		</bndbox>
	</object>
	<object>
		<name>Yuzu</name>
		<pose>Unspecified</pose>
		<truncated>0</truncated>
		<difficult>0</difficult>
		<bndbox>
			<xmin>382</xmin>
			<ymin>250</ymin>
			<xmax>498</xmax>
			<ymax>352</ymax>
		</bndbox>
	</object>
	<object>
		<name>Nori</name>
		<pose>Unspecified</pose>
		<truncated>0</truncated>
		<difficult>0</difficult>
		<bndbox>
			<xmin>278</xmin>
			<ymin>337</ymin>
			<xmax>403</xmax>
			<ymax>441</ymax>
		</bndbox>
	</object>
</annotation>