<annotation>
	<folder>train</folder>
	<filename>363.jpg</filename>
	<path>C:\Users\tnk05\OneDrive\camera\images\train\363.jpg</path>
	<source>
		<database>Unknown</database>
	</source>
	<size>
		<width>640</width>
		<height>480</height>
		<depth>3</depth>
	</size>
	<segmented>0</segmented>
	<object>
		<name>Ebi</name>
		<pose>Unspecified</pose>
		<truncated>0</truncated>
		<difficult>0</difficult>
		<bndbox>
			<xmin>137</xmin>
			<ymin>168</ymin>
			<xmax>238</xmax>
			<ymax>264</ymax>
		</bndbox>
	</object>
	<object>
		<name>Yuzu</name>
		<pose>Unspecified</pose>
		<truncated>0</truncated>
		<difficult>0</difficult>
		<bndbox>
			<xmin>291</xmin>
			<ymin>155</ymin>
			<xmax>396</xmax>
			<ymax>260</ymax>
		</bndbox>
	</object>
	<object>
		<name>Nori</name>
		<pose>Unspecified</pose>
		<truncated>0</truncated>
		<difficult>0</difficult>
		<bndbox>
			<xmin>191</xmin>
			<ymin>243</ymin>
			<xmax>307</xmax>
			<ymax>344</ymax>
		</bndbox>
	</object>
</annotation>