<annotation>
	<folder>train</folder>
	<filename>364.jpg</filename>
	<path>C:\Users\tnk05\OneDrive\camera\images\train\364.jpg</path>
	<source>
		<database>Unknown</database>
	</source>
	<size>
		<width>640</width>
		<height>480</height>
		<depth>3</depth>
	</size>
	<segmented>0</segmented>
	<object>
		<name>Ebi</name>
		<pose>Unspecified</pose>
		<truncated>0</truncated>
		<difficult>0</difficult>
		<bndbox>
			<xmin>26</xmin>
			<ymin>220</ymin>
			<xmax>219</xmax>
			<ymax>407</ymax>
		</bndbox>
	</object>
	<object>
		<name>Yuzu</name>
		<pose>Unspecified</pose>
		<truncated>0</truncated>
		<difficult>0</difficult>
		<bndbox>
			<xmin>293</xmin>
			<ymin>188</ymin>
			<xmax>493</xmax>
			<ymax>367</ymax>
		</bndbox>
	</object>
	<object>
		<name>Nori</name>
		<pose>Unspecified</pose>
		<truncated>1</truncated>
		<difficult>0</difficult>
		<bndbox>
			<xmin>119</xmin>
			<ymin>357</ymin>
			<xmax>331</xmax>
			<ymax>480</ymax>
		</bndbox>
	</object>
</annotation>