<annotation>
	<folder>train</folder>
	<filename>368.jpg</filename>
	<path>C:\Users\tnk05\OneDrive\camera\images\train\368.jpg</path>
	<source>
		<database>Unknown</database>
	</source>
	<size>
		<width>640</width>
		<height>480</height>
		<depth>3</depth>
	</size>
	<segmented>0</segmented>
	<object>
		<name>Ebi</name>
		<pose>Unspecified</pose>
		<truncated>0</truncated>
		<difficult>0</difficult>
		<bndbox>
			<xmin>104</xmin>
			<ymin>190</ymin>
			<xmax>289</xmax>
			<ymax>348</ymax>
		</bndbox>
	</object>
	<object>
		<name>Yuzu</name>
		<pose>Unspecified</pose>
		<truncated>0</truncated>
		<difficult>0</difficult>
		<bndbox>
			<xmin>383</xmin>
			<ymin>161</ymin>
			<xmax>551</xmax>
			<ymax>344</ymax>
		</bndbox>
	</object>
	<object>
		<name>Nori</name>
		<pose>Unspecified</pose>
		<truncated>0</truncated>
		<difficult>0</difficult>
		<bndbox>
			<xmin>210</xmin>
			<ymin>302</ymin>
			<xmax>418</xmax>
			<ymax>473</ymax>
		</bndbox>
	</object>
</annotation>