<annotation>
	<folder>train</folder>
	<filename>370.jpg</filename>
	<path>C:\Users\tnk05\OneDrive\camera\images\train\370.jpg</path>
	<source>
		<database>Unknown</database>
	</source>
	<size>
		<width>640</width>
		<height>480</height>
		<depth>3</depth>
	</size>
	<segmented>0</segmented>
	<object>
		<name>Ebi</name>
		<pose>Unspecified</pose>
		<truncated>0</truncated>
		<difficult>0</difficult>
		<bndbox>
			<xmin>43</xmin>
			<ymin>196</ymin>
			<xmax>172</xmax>
			<ymax>297</ymax>
		</bndbox>
	</object>
	<object>
		<name>Yuzu</name>
		<pose>Unspecified</pose>
		<truncated>0</truncated>
		<difficult>0</difficult>
		<bndbox>
			<xmin>220</xmin>
			<ymin>179</ymin>
			<xmax>359</xmax>
			<ymax>316</ymax>
		</bndbox>
	</object>
	<object>
		<name>Nori</name>
		<pose>Unspecified</pose>
		<truncated>0</truncated>
		<difficult>0</difficult>
		<bndbox>
			<xmin>106</xmin>
			<ymin>277</ymin>
			<xmax>236</xmax>
			<ymax>409</ymax>
		</bndbox>
	</object>
</annotation>