<annotation>
	<folder>train</folder>
	<filename>371.jpg</filename>
	<path>C:\Users\tnk05\OneDrive\camera\images\train\371.jpg</path>
	<source>
		<database>Unknown</database>
	</source>
	<size>
		<width>640</width>
		<height>480</height>
		<depth>3</depth>
	</size>
	<segmented>0</segmented>
	<object>
		<name>Ebi</name>
		<pose>Unspecified</pose>
		<truncated>0</truncated>
		<difficult>0</difficult>
		<bndbox>
			<xmin>50</xmin>
			<ymin>231</ymin>
			<xmax>189</xmax>
			<ymax>360</ymax>
		</bndbox>
	</object>
	<object>
		<name>Yuzu</name>
		<pose>Unspecified</pose>
		<truncated>0</truncated>
		<difficult>0</difficult>
		<bndbox>
			<xmin>241</xmin>
			<ymin>198</ymin>
			<xmax>370</xmax>
			<ymax>330</ymax>
		</bndbox>
	</object>
	<object>
		<name>Nori</name>
		<pose>Unspecified</pose>
		<truncated>0</truncated>
		<difficult>0</difficult>
		<bndbox>
			<xmin>119</xmin>
			<ymin>312</ymin>
			<xmax>287</xmax>
			<ymax>460</ymax>
		</bndbox>
	</object>
</annotation>