<annotation>
	<folder>train</folder>
	<filename>372.jpg</filename>
	<path>C:\Users\tnk05\OneDrive\camera\images\train\372.jpg</path>
	<source>
		<database>Unknown</database>
	</source>
	<size>
		<width>640</width>
		<height>480</height>
		<depth>3</depth>
	</size>
	<segmented>0</segmented>
	<object>
		<name>Ebi</name>
		<pose>Unspecified</pose>
		<truncated>0</truncated>
		<difficult>0</difficult>
		<bndbox>
			<xmin>75</xmin>
			<ymin>248</ymin>
			<xmax>186</xmax>
			<ymax>353</ymax>
		</bndbox>
	</object>
	<object>
		<name>Yuzu</name>
		<pose>Unspecified</pose>
		<truncated>0</truncated>
		<difficult>0</difficult>
		<bndbox>
			<xmin>229</xmin>
			<ymin>226</ymin>
			<xmax>341</xmax>
			<ymax>324</ymax>
		</bndbox>
	</object>
	<object>
		<name>Nori</name>
		<pose>Unspecified</pose>
		<truncated>0</truncated>
		<difficult>0</difficult>
		<bndbox>
			<xmin>140</xmin>
			<ymin>304</ymin>
			<xmax>273</xmax>
			<ymax>425</ymax>
		</bndbox>
	</object>
</annotation>