<annotation>
	<folder>train</folder>
	<filename>373.jpg</filename>
	<path>C:\Users\tnk05\OneDrive\camera\images\train\373.jpg</path>
	<source>
		<database>Unknown</database>
	</source>
	<size>
		<width>640</width>
		<height>480</height>
		<depth>3</depth>
	</size>
	<segmented>0</segmented>
	<object>
		<name>Ebi</name>
		<pose>Unspecified</pose>
		<truncated>0</truncated>
		<difficult>0</difficult>
		<bndbox>
			<xmin>64</xmin>
			<ymin>305</ymin>
			<xmax>170</xmax>
			<ymax>405</ymax>
		</bndbox>
	</object>
	<object>
		<name>Yuzu</name>
		<pose>Unspecified</pose>
		<truncated>0</truncated>
		<difficult>0</difficult>
		<bndbox>
			<xmin>268</xmin>
			<ymin>262</ymin>
			<xmax>387</xmax>
			<ymax>383</ymax>
		</bndbox>
	</object>
	<object>
		<name>Nori</name>
		<pose>Unspecified</pose>
		<truncated>0</truncated>
		<difficult>0</difficult>
		<bndbox>
			<xmin>166</xmin>
			<ymin>347</ymin>
			<xmax>280</xmax>
			<ymax>471</ymax>
		</bndbox>
	</object>
</annotation>