<annotation>
	<folder>train</folder>
	<filename>375.jpg</filename>
	<path>C:\Users\tnk05\OneDrive\camera\images\train\375.jpg</path>
	<source>
		<database>Unknown</database>
	</source>
	<size>
		<width>640</width>
		<height>480</height>
		<depth>3</depth>
	</size>
	<segmented>0</segmented>
	<object>
		<name>Yuzu</name>
		<pose>Unspecified</pose>
		<truncated>0</truncated>
		<difficult>0</difficult>
		<bndbox>
			<xmin>99</xmin>
			<ymin>73</ymin>
			<xmax>451</xmax>
			<ymax>436</ymax>
		</bndbox>
	</object>
</annotation>