<annotation>
	<folder>train</folder>
	<filename>377.jpg</filename>
	<path>C:\Users\tnk05\OneDrive\camera\images\train\377.jpg</path>
	<source>
		<database>Unknown</database>
	</source>
	<size>
		<width>640</width>
		<height>480</height>
		<depth>3</depth>
	</size>
	<segmented>0</segmented>
	<object>
		<name>Ebi</name>
		<pose>Unspecified</pose>
		<truncated>0</truncated>
		<difficult>0</difficult>
		<bndbox>
			<xmin>84</xmin>
			<ymin>121</ymin>
			<xmax>256</xmax>
			<ymax>302</ymax>
		</bndbox>
	</object>
	<object>
		<name>Yuzu</name>
		<pose>Unspecified</pose>
		<truncated>0</truncated>
		<difficult>0</difficult>
		<bndbox>
			<xmin>400</xmin>
			<ymin>2</ymin>
			<xmax>558</xmax>
			<ymax>178</ymax>
		</bndbox>
	</object>
	<object>
		<name>Nori</name>
		<pose>Unspecified</pose>
		<truncated>0</truncated>
		<difficult>0</difficult>
		<bndbox>
			<xmin>273</xmin>
			<ymin>139</ymin>
			<xmax>456</xmax>
			<ymax>351</ymax>
		</bndbox>
	</object>
</annotation>