<annotation>
	<folder>train</folder>
	<filename>378.jpg</filename>
	<path>C:\Users\tnk05\OneDrive\camera\images\train\378.jpg</path>
	<source>
		<database>Unknown</database>
	</source>
	<size>
		<width>640</width>
		<height>480</height>
		<depth>3</depth>
	</size>
	<segmented>0</segmented>
	<object>
		<name>Ebi</name>
		<pose>Unspecified</pose>
		<truncated>0</truncated>
		<difficult>0</difficult>
		<bndbox>
			<xmin>29</xmin>
			<ymin>208</ymin>
			<xmax>151</xmax>
			<ymax>331</ymax>
		</bndbox>
	</object>
	<object>
		<name>Yuzu</name>
		<pose>Unspecified</pose>
		<truncated>0</truncated>
		<difficult>0</difficult>
		<bndbox>
			<xmin>253</xmin>
			<ymin>141</ymin>
			<xmax>383</xmax>
			<ymax>264</ymax>
		</bndbox>
	</object>
	<object>
		<name>Nori</name>
		<pose>Unspecified</pose>
		<truncated>0</truncated>
		<difficult>0</difficult>
		<bndbox>
			<xmin>150</xmin>
			<ymin>242</ymin>
			<xmax>289</xmax>
			<ymax>380</ymax>
		</bndbox>
	</object>
</annotation>