<annotation>
	<folder>train</folder>
	<filename>379.jpg</filename>
	<path>C:\Users\tnk05\OneDrive\camera\images\train\379.jpg</path>
	<source>
		<database>Unknown</database>
	</source>
	<size>
		<width>640</width>
		<height>480</height>
		<depth>3</depth>
	</size>
	<segmented>0</segmented>
	<object>
		<name>Ebi</name>
		<pose>Unspecified</pose>
		<truncated>1</truncated>
		<difficult>0</difficult>
		<bndbox>
			<xmin>1</xmin>
			<ymin>177</ymin>
			<xmax>79</xmax>
			<ymax>296</ymax>
		</bndbox>
	</object>
	<object>
		<name>Yuzu</name>
		<pose>Unspecified</pose>
		<truncated>0</truncated>
		<difficult>0</difficult>
		<bndbox>
			<xmin>198</xmin>
			<ymin>188</ymin>
			<xmax>334</xmax>
			<ymax>330</ymax>
		</bndbox>
	</object>
	<object>
		<name>Nori</name>
		<pose>Unspecified</pose>
		<truncated>0</truncated>
		<difficult>0</difficult>
		<bndbox>
			<xmin>61</xmin>
			<ymin>243</ymin>
			<xmax>198</xmax>
			<ymax>398</ymax>
		</bndbox>
	</object>
</annotation>