<annotation>
	<folder>train</folder>
	<filename>38.jpg</filename>
	<path>C:\Users\tnk05\OneDrive\camera\images\train\38.xml</path>
	<source>
		<database>Unknown</database>
	</source>
	<size>
		<width>640</width>
		<height>480</height>
		<depth>3</depth>
	</size>
	<segmented>0</segmented>
	<object>
		<name>Nori</name>
		<pose>Unspecified</pose>
		<truncated>0</truncated>
		<difficult>0</difficult>
		<bndbox>
			<xmin>58</xmin>
			<ymin>155</ymin>
			<xmax>237</xmax>
			<ymax>303</ymax>
		</bndbox>
	</object>
	<object>
		<name>Ebi</name>
		<pose>Unspecified</pose>
		<truncated>0</truncated>
		<difficult>0</difficult>
		<bndbox>
			<xmin>308</xmin>
			<ymin>171</ymin>
			<xmax>555</xmax>
			<ymax>349</ymax>
		</bndbox>
	</object>
	<object>
		<name>Yuzu</name>
		<pose>Unspecified</pose>
		<truncated>1</truncated>
		<difficult>0</difficult>
		<bndbox>
			<xmin>316</xmin>
			<ymin>376</ymin>
			<xmax>626</xmax>
			<ymax>480</ymax>
		</bndbox>
	</object>
</annotation>