<annotation>
	<folder>train</folder>
	<filename>382.jpg</filename>
	<path>C:\Users\tnk05\OneDrive\camera\images\train\382.jpg</path>
	<source>
		<database>Unknown</database>
	</source>
	<size>
		<width>640</width>
		<height>480</height>
		<depth>3</depth>
	</size>
	<segmented>0</segmented>
	<object>
		<name>Ebi</name>
		<pose>Unspecified</pose>
		<truncated>0</truncated>
		<difficult>0</difficult>
		<bndbox>
			<xmin>9</xmin>
			<ymin>330</ymin>
			<xmax>142</xmax>
			<ymax>462</ymax>
		</bndbox>
	</object>
	<object>
		<name>Yuzu</name>
		<pose>Unspecified</pose>
		<truncated>0</truncated>
		<difficult>0</difficult>
		<bndbox>
			<xmin>77</xmin>
			<ymin>204</ymin>
			<xmax>214</xmax>
			<ymax>327</ymax>
		</bndbox>
	</object>
	<object>
		<name>Nori</name>
		<pose>Unspecified</pose>
		<truncated>0</truncated>
		<difficult>0</difficult>
		<bndbox>
			<xmin>158</xmin>
			<ymin>407</ymin>
			<xmax>284</xmax>
			<ymax>479</ymax>
		</bndbox>
	</object>
</annotation>